"chloroparaffin_ion","ion_formula","adduct","charge","chloroparaffin"
1,"C7Cl3H12","M-H",-1,1
2,"C8Cl3H14","M-H",-1,2
3,"C9Cl3H16","M-H",-1,3
4,"C10Cl3H18","M-H",-1,4
5,"C11Cl3H20","M-H",-1,5
6,"C12Cl3H22","M-H",-1,6
7,"C13Cl3H24","M-H",-1,7
8,"C14Cl3H26","M-H",-1,8
9,"C15Cl3H28","M-H",-1,9
10,"C16Cl3H30","M-H",-1,10
11,"C17Cl3H32","M-H",-1,11
12,"C18Cl3H34","M-H",-1,12
13,"C19Cl3H36","M-H",-1,13
14,"C20Cl3H38","M-H",-1,14
15,"C21Cl3H40","M-H",-1,15
16,"C22Cl3H42","M-H",-1,16
17,"C23Cl3H44","M-H",-1,17
18,"C24Cl3H46","M-H",-1,18
19,"C25Cl3H48","M-H",-1,19
20,"C26Cl3H50","M-H",-1,20
21,"C27Cl3H52","M-H",-1,21
22,"C28Cl3H54","M-H",-1,22
23,"C29Cl3H56","M-H",-1,23
24,"C30Cl3H58","M-H",-1,24
25,"C31Cl3H60","M-H",-1,25
26,"C32Cl3H62","M-H",-1,26
27,"C33Cl3H64","M-H",-1,27
28,"C34Cl3H66","M-H",-1,28
29,"C35Cl3H68","M-H",-1,29
30,"C36Cl3H70","M-H",-1,30
31,"C7Cl4H11","M-H",-1,31
32,"C8Cl4H13","M-H",-1,32
33,"C9Cl4H15","M-H",-1,33
34,"C10Cl4H17","M-H",-1,34
35,"C11Cl4H19","M-H",-1,35
36,"C12Cl4H21","M-H",-1,36
37,"C13Cl4H23","M-H",-1,37
38,"C14Cl4H25","M-H",-1,38
39,"C15Cl4H27","M-H",-1,39
40,"C16Cl4H29","M-H",-1,40
41,"C17Cl4H31","M-H",-1,41
42,"C18Cl4H33","M-H",-1,42
43,"C19Cl4H35","M-H",-1,43
44,"C20Cl4H37","M-H",-1,44
45,"C21Cl4H39","M-H",-1,45
46,"C22Cl4H41","M-H",-1,46
47,"C23Cl4H43","M-H",-1,47
48,"C24Cl4H45","M-H",-1,48
49,"C25Cl4H47","M-H",-1,49
50,"C26Cl4H49","M-H",-1,50
51,"C27Cl4H51","M-H",-1,51
52,"C28Cl4H53","M-H",-1,52
53,"C29Cl4H55","M-H",-1,53
54,"C30Cl4H57","M-H",-1,54
55,"C31Cl4H59","M-H",-1,55
56,"C32Cl4H61","M-H",-1,56
57,"C33Cl4H63","M-H",-1,57
58,"C34Cl4H65","M-H",-1,58
59,"C35Cl4H67","M-H",-1,59
60,"C36Cl4H69","M-H",-1,60
61,"C7Cl5H10","M-H",-1,61
62,"C8Cl5H12","M-H",-1,62
63,"C9Cl5H14","M-H",-1,63
64,"C10Cl5H16","M-H",-1,64
65,"C11Cl5H18","M-H",-1,65
66,"C12Cl5H20","M-H",-1,66
67,"C13Cl5H22","M-H",-1,67
68,"C14Cl5H24","M-H",-1,68
69,"C15Cl5H26","M-H",-1,69
70,"C16Cl5H28","M-H",-1,70
71,"C17Cl5H30","M-H",-1,71
72,"C18Cl5H32","M-H",-1,72
73,"C19Cl5H34","M-H",-1,73
74,"C20Cl5H36","M-H",-1,74
75,"C21Cl5H38","M-H",-1,75
76,"C22Cl5H40","M-H",-1,76
77,"C23Cl5H42","M-H",-1,77
78,"C24Cl5H44","M-H",-1,78
79,"C25Cl5H46","M-H",-1,79
80,"C26Cl5H48","M-H",-1,80
81,"C27Cl5H50","M-H",-1,81
82,"C28Cl5H52","M-H",-1,82
83,"C29Cl5H54","M-H",-1,83
84,"C30Cl5H56","M-H",-1,84
85,"C31Cl5H58","M-H",-1,85
86,"C32Cl5H60","M-H",-1,86
87,"C33Cl5H62","M-H",-1,87
88,"C34Cl5H64","M-H",-1,88
89,"C35Cl5H66","M-H",-1,89
90,"C36Cl5H68","M-H",-1,90
91,"C7Cl6H9","M-H",-1,91
92,"C8Cl6H11","M-H",-1,92
93,"C9Cl6H13","M-H",-1,93
94,"C10Cl6H15","M-H",-1,94
95,"C11Cl6H17","M-H",-1,95
96,"C12Cl6H19","M-H",-1,96
97,"C13Cl6H21","M-H",-1,97
98,"C14Cl6H23","M-H",-1,98
99,"C15Cl6H25","M-H",-1,99
100,"C16Cl6H27","M-H",-1,100
101,"C17Cl6H29","M-H",-1,101
102,"C18Cl6H31","M-H",-1,102
103,"C19Cl6H33","M-H",-1,103
104,"C20Cl6H35","M-H",-1,104
105,"C21Cl6H37","M-H",-1,105
106,"C22Cl6H39","M-H",-1,106
107,"C23Cl6H41","M-H",-1,107
108,"C24Cl6H43","M-H",-1,108
109,"C25Cl6H45","M-H",-1,109
110,"C26Cl6H47","M-H",-1,110
111,"C27Cl6H49","M-H",-1,111
112,"C28Cl6H51","M-H",-1,112
113,"C29Cl6H53","M-H",-1,113
114,"C30Cl6H55","M-H",-1,114
115,"C31Cl6H57","M-H",-1,115
116,"C32Cl6H59","M-H",-1,116
117,"C33Cl6H61","M-H",-1,117
118,"C34Cl6H63","M-H",-1,118
119,"C35Cl6H65","M-H",-1,119
120,"C36Cl6H67","M-H",-1,120
121,"C7Cl7H8","M-H",-1,121
122,"C8Cl7H10","M-H",-1,122
123,"C9Cl7H12","M-H",-1,123
124,"C10Cl7H14","M-H",-1,124
125,"C11Cl7H16","M-H",-1,125
126,"C12Cl7H18","M-H",-1,126
127,"C13Cl7H20","M-H",-1,127
128,"C14Cl7H22","M-H",-1,128
129,"C15Cl7H24","M-H",-1,129
130,"C16Cl7H26","M-H",-1,130
131,"C17Cl7H28","M-H",-1,131
132,"C18Cl7H30","M-H",-1,132
133,"C19Cl7H32","M-H",-1,133
134,"C20Cl7H34","M-H",-1,134
135,"C21Cl7H36","M-H",-1,135
136,"C22Cl7H38","M-H",-1,136
137,"C23Cl7H40","M-H",-1,137
138,"C24Cl7H42","M-H",-1,138
139,"C25Cl7H44","M-H",-1,139
140,"C26Cl7H46","M-H",-1,140
141,"C27Cl7H48","M-H",-1,141
142,"C28Cl7H50","M-H",-1,142
143,"C29Cl7H52","M-H",-1,143
144,"C30Cl7H54","M-H",-1,144
145,"C31Cl7H56","M-H",-1,145
146,"C32Cl7H58","M-H",-1,146
147,"C33Cl7H60","M-H",-1,147
148,"C34Cl7H62","M-H",-1,148
149,"C35Cl7H64","M-H",-1,149
150,"C36Cl7H66","M-H",-1,150
151,"C7Cl8H7","M-H",-1,151
152,"C8Cl8H9","M-H",-1,152
153,"C9Cl8H11","M-H",-1,153
154,"C10Cl8H13","M-H",-1,154
155,"C11Cl8H15","M-H",-1,155
156,"C12Cl8H17","M-H",-1,156
157,"C13Cl8H19","M-H",-1,157
158,"C14Cl8H21","M-H",-1,158
159,"C15Cl8H23","M-H",-1,159
160,"C16Cl8H25","M-H",-1,160
161,"C17Cl8H27","M-H",-1,161
162,"C18Cl8H29","M-H",-1,162
163,"C19Cl8H31","M-H",-1,163
164,"C20Cl8H33","M-H",-1,164
165,"C21Cl8H35","M-H",-1,165
166,"C22Cl8H37","M-H",-1,166
167,"C23Cl8H39","M-H",-1,167
168,"C24Cl8H41","M-H",-1,168
169,"C25Cl8H43","M-H",-1,169
170,"C26Cl8H45","M-H",-1,170
171,"C27Cl8H47","M-H",-1,171
172,"C28Cl8H49","M-H",-1,172
173,"C29Cl8H51","M-H",-1,173
174,"C30Cl8H53","M-H",-1,174
175,"C31Cl8H55","M-H",-1,175
176,"C32Cl8H57","M-H",-1,176
177,"C33Cl8H59","M-H",-1,177
178,"C34Cl8H61","M-H",-1,178
179,"C35Cl8H63","M-H",-1,179
180,"C36Cl8H65","M-H",-1,180
181,"C7Cl9H6","M-H",-1,181
182,"C8Cl9H8","M-H",-1,182
183,"C9Cl9H10","M-H",-1,183
184,"C10Cl9H12","M-H",-1,184
185,"C11Cl9H14","M-H",-1,185
186,"C12Cl9H16","M-H",-1,186
187,"C13Cl9H18","M-H",-1,187
188,"C14Cl9H20","M-H",-1,188
189,"C15Cl9H22","M-H",-1,189
190,"C16Cl9H24","M-H",-1,190
191,"C17Cl9H26","M-H",-1,191
192,"C18Cl9H28","M-H",-1,192
193,"C19Cl9H30","M-H",-1,193
194,"C20Cl9H32","M-H",-1,194
195,"C21Cl9H34","M-H",-1,195
196,"C22Cl9H36","M-H",-1,196
197,"C23Cl9H38","M-H",-1,197
198,"C24Cl9H40","M-H",-1,198
199,"C25Cl9H42","M-H",-1,199
200,"C26Cl9H44","M-H",-1,200
201,"C27Cl9H46","M-H",-1,201
202,"C28Cl9H48","M-H",-1,202
203,"C29Cl9H50","M-H",-1,203
204,"C30Cl9H52","M-H",-1,204
205,"C31Cl9H54","M-H",-1,205
206,"C32Cl9H56","M-H",-1,206
207,"C33Cl9H58","M-H",-1,207
208,"C34Cl9H60","M-H",-1,208
209,"C35Cl9H62","M-H",-1,209
210,"C36Cl9H64","M-H",-1,210
211,"C7Cl10H5","M-H",-1,211
212,"C8Cl10H7","M-H",-1,212
213,"C9Cl10H9","M-H",-1,213
214,"C10Cl10H11","M-H",-1,214
215,"C11Cl10H13","M-H",-1,215
216,"C12Cl10H15","M-H",-1,216
217,"C13Cl10H17","M-H",-1,217
218,"C14Cl10H19","M-H",-1,218
219,"C15Cl10H21","M-H",-1,219
220,"C16Cl10H23","M-H",-1,220
221,"C17Cl10H25","M-H",-1,221
222,"C18Cl10H27","M-H",-1,222
223,"C19Cl10H29","M-H",-1,223
224,"C20Cl10H31","M-H",-1,224
225,"C21Cl10H33","M-H",-1,225
226,"C22Cl10H35","M-H",-1,226
227,"C23Cl10H37","M-H",-1,227
228,"C24Cl10H39","M-H",-1,228
229,"C25Cl10H41","M-H",-1,229
230,"C26Cl10H43","M-H",-1,230
231,"C27Cl10H45","M-H",-1,231
232,"C28Cl10H47","M-H",-1,232
233,"C29Cl10H49","M-H",-1,233
234,"C30Cl10H51","M-H",-1,234
235,"C31Cl10H53","M-H",-1,235
236,"C32Cl10H55","M-H",-1,236
237,"C33Cl10H57","M-H",-1,237
238,"C34Cl10H59","M-H",-1,238
239,"C35Cl10H61","M-H",-1,239
240,"C36Cl10H63","M-H",-1,240
241,"C7Cl11H4","M-H",-1,241
242,"C8Cl11H6","M-H",-1,242
243,"C9Cl11H8","M-H",-1,243
244,"C10Cl11H10","M-H",-1,244
245,"C11Cl11H12","M-H",-1,245
246,"C12Cl11H14","M-H",-1,246
247,"C13Cl11H16","M-H",-1,247
248,"C14Cl11H18","M-H",-1,248
249,"C15Cl11H20","M-H",-1,249
250,"C16Cl11H22","M-H",-1,250
251,"C17Cl11H24","M-H",-1,251
252,"C18Cl11H26","M-H",-1,252
253,"C19Cl11H28","M-H",-1,253
254,"C20Cl11H30","M-H",-1,254
255,"C21Cl11H32","M-H",-1,255
256,"C22Cl11H34","M-H",-1,256
257,"C23Cl11H36","M-H",-1,257
258,"C24Cl11H38","M-H",-1,258
259,"C25Cl11H40","M-H",-1,259
260,"C26Cl11H42","M-H",-1,260
261,"C27Cl11H44","M-H",-1,261
262,"C28Cl11H46","M-H",-1,262
263,"C29Cl11H48","M-H",-1,263
264,"C30Cl11H50","M-H",-1,264
265,"C31Cl11H52","M-H",-1,265
266,"C32Cl11H54","M-H",-1,266
267,"C33Cl11H56","M-H",-1,267
268,"C34Cl11H58","M-H",-1,268
269,"C35Cl11H60","M-H",-1,269
270,"C36Cl11H62","M-H",-1,270
271,"C7Cl12H3","M-H",-1,271
272,"C8Cl12H5","M-H",-1,272
273,"C9Cl12H7","M-H",-1,273
274,"C10Cl12H9","M-H",-1,274
275,"C11Cl12H11","M-H",-1,275
276,"C12Cl12H13","M-H",-1,276
277,"C13Cl12H15","M-H",-1,277
278,"C14Cl12H17","M-H",-1,278
279,"C15Cl12H19","M-H",-1,279
280,"C16Cl12H21","M-H",-1,280
281,"C17Cl12H23","M-H",-1,281
282,"C18Cl12H25","M-H",-1,282
283,"C19Cl12H27","M-H",-1,283
284,"C20Cl12H29","M-H",-1,284
285,"C21Cl12H31","M-H",-1,285
286,"C22Cl12H33","M-H",-1,286
287,"C23Cl12H35","M-H",-1,287
288,"C24Cl12H37","M-H",-1,288
289,"C25Cl12H39","M-H",-1,289
290,"C26Cl12H41","M-H",-1,290
291,"C27Cl12H43","M-H",-1,291
292,"C28Cl12H45","M-H",-1,292
293,"C29Cl12H47","M-H",-1,293
294,"C30Cl12H49","M-H",-1,294
295,"C31Cl12H51","M-H",-1,295
296,"C32Cl12H53","M-H",-1,296
297,"C33Cl12H55","M-H",-1,297
298,"C34Cl12H57","M-H",-1,298
299,"C35Cl12H59","M-H",-1,299
300,"C36Cl12H61","M-H",-1,300
301,"C7Cl13H2","M-H",-1,301
302,"C8Cl13H4","M-H",-1,302
303,"C9Cl13H6","M-H",-1,303
304,"C10Cl13H8","M-H",-1,304
305,"C11Cl13H10","M-H",-1,305
306,"C12Cl13H12","M-H",-1,306
307,"C13Cl13H14","M-H",-1,307
308,"C14Cl13H16","M-H",-1,308
309,"C15Cl13H18","M-H",-1,309
310,"C16Cl13H20","M-H",-1,310
311,"C17Cl13H22","M-H",-1,311
312,"C18Cl13H24","M-H",-1,312
313,"C19Cl13H26","M-H",-1,313
314,"C20Cl13H28","M-H",-1,314
315,"C21Cl13H30","M-H",-1,315
316,"C22Cl13H32","M-H",-1,316
317,"C23Cl13H34","M-H",-1,317
318,"C24Cl13H36","M-H",-1,318
319,"C25Cl13H38","M-H",-1,319
320,"C26Cl13H40","M-H",-1,320
321,"C27Cl13H42","M-H",-1,321
322,"C28Cl13H44","M-H",-1,322
323,"C29Cl13H46","M-H",-1,323
324,"C30Cl13H48","M-H",-1,324
325,"C31Cl13H50","M-H",-1,325
326,"C32Cl13H52","M-H",-1,326
327,"C33Cl13H54","M-H",-1,327
328,"C34Cl13H56","M-H",-1,328
329,"C35Cl13H58","M-H",-1,329
330,"C36Cl13H60","M-H",-1,330
331,"C7Cl14H1","M-H",-1,331
332,"C8Cl14H3","M-H",-1,332
333,"C9Cl14H5","M-H",-1,333
334,"C10Cl14H7","M-H",-1,334
335,"C11Cl14H9","M-H",-1,335
336,"C12Cl14H11","M-H",-1,336
337,"C13Cl14H13","M-H",-1,337
338,"C14Cl14H15","M-H",-1,338
339,"C15Cl14H17","M-H",-1,339
340,"C16Cl14H19","M-H",-1,340
341,"C17Cl14H21","M-H",-1,341
342,"C18Cl14H23","M-H",-1,342
343,"C19Cl14H25","M-H",-1,343
344,"C20Cl14H27","M-H",-1,344
345,"C21Cl14H29","M-H",-1,345
346,"C22Cl14H31","M-H",-1,346
347,"C23Cl14H33","M-H",-1,347
348,"C24Cl14H35","M-H",-1,348
349,"C25Cl14H37","M-H",-1,349
350,"C26Cl14H39","M-H",-1,350
351,"C27Cl14H41","M-H",-1,351
352,"C28Cl14H43","M-H",-1,352
353,"C29Cl14H45","M-H",-1,353
354,"C30Cl14H47","M-H",-1,354
355,"C31Cl14H49","M-H",-1,355
356,"C32Cl14H51","M-H",-1,356
357,"C33Cl14H53","M-H",-1,357
358,"C34Cl14H55","M-H",-1,358
359,"C35Cl14H57","M-H",-1,359
360,"C36Cl14H59","M-H",-1,360
361,"C7Cl15","M-H",-1,361
362,"C8Cl15H2","M-H",-1,362
363,"C9Cl15H4","M-H",-1,363
364,"C10Cl15H6","M-H",-1,364
365,"C11Cl15H8","M-H",-1,365
366,"C12Cl15H10","M-H",-1,366
367,"C13Cl15H12","M-H",-1,367
368,"C14Cl15H14","M-H",-1,368
369,"C15Cl15H16","M-H",-1,369
370,"C16Cl15H18","M-H",-1,370
371,"C17Cl15H20","M-H",-1,371
372,"C18Cl15H22","M-H",-1,372
373,"C19Cl15H24","M-H",-1,373
374,"C20Cl15H26","M-H",-1,374
375,"C21Cl15H28","M-H",-1,375
376,"C22Cl15H30","M-H",-1,376
377,"C23Cl15H32","M-H",-1,377
378,"C24Cl15H34","M-H",-1,378
379,"C25Cl15H36","M-H",-1,379
380,"C26Cl15H38","M-H",-1,380
381,"C27Cl15H40","M-H",-1,381
382,"C28Cl15H42","M-H",-1,382
383,"C29Cl15H44","M-H",-1,383
384,"C30Cl15H46","M-H",-1,384
385,"C31Cl15H48","M-H",-1,385
386,"C32Cl15H50","M-H",-1,386
387,"C33Cl15H52","M-H",-1,387
388,"C34Cl15H54","M-H",-1,388
389,"C35Cl15H56","M-H",-1,389
390,"C36Cl15H58","M-H",-1,390
391,"C8Cl16H1","M-H",-1,391
392,"C9Cl16H3","M-H",-1,392
393,"C10Cl16H5","M-H",-1,393
394,"C11Cl16H7","M-H",-1,394
395,"C12Cl16H9","M-H",-1,395
396,"C13Cl16H11","M-H",-1,396
397,"C14Cl16H13","M-H",-1,397
398,"C15Cl16H15","M-H",-1,398
399,"C16Cl16H17","M-H",-1,399
400,"C17Cl16H19","M-H",-1,400
401,"C18Cl16H21","M-H",-1,401
402,"C19Cl16H23","M-H",-1,402
403,"C20Cl16H25","M-H",-1,403
404,"C21Cl16H27","M-H",-1,404
405,"C22Cl16H29","M-H",-1,405
406,"C23Cl16H31","M-H",-1,406
407,"C24Cl16H33","M-H",-1,407
408,"C25Cl16H35","M-H",-1,408
409,"C26Cl16H37","M-H",-1,409
410,"C27Cl16H39","M-H",-1,410
411,"C28Cl16H41","M-H",-1,411
412,"C29Cl16H43","M-H",-1,412
413,"C30Cl16H45","M-H",-1,413
414,"C31Cl16H47","M-H",-1,414
415,"C32Cl16H49","M-H",-1,415
416,"C33Cl16H51","M-H",-1,416
417,"C34Cl16H53","M-H",-1,417
418,"C35Cl16H55","M-H",-1,418
419,"C36Cl16H57","M-H",-1,419
420,"C8Cl17","M-H",-1,420
421,"C9Cl17H2","M-H",-1,421
422,"C10Cl17H4","M-H",-1,422
423,"C11Cl17H6","M-H",-1,423
424,"C12Cl17H8","M-H",-1,424
425,"C13Cl17H10","M-H",-1,425
426,"C14Cl17H12","M-H",-1,426
427,"C15Cl17H14","M-H",-1,427
428,"C16Cl17H16","M-H",-1,428
429,"C17Cl17H18","M-H",-1,429
430,"C18Cl17H20","M-H",-1,430
431,"C19Cl17H22","M-H",-1,431
432,"C20Cl17H24","M-H",-1,432
433,"C21Cl17H26","M-H",-1,433
434,"C22Cl17H28","M-H",-1,434
435,"C23Cl17H30","M-H",-1,435
436,"C24Cl17H32","M-H",-1,436
437,"C25Cl17H34","M-H",-1,437
438,"C26Cl17H36","M-H",-1,438
439,"C27Cl17H38","M-H",-1,439
440,"C28Cl17H40","M-H",-1,440
441,"C29Cl17H42","M-H",-1,441
442,"C30Cl17H44","M-H",-1,442
443,"C31Cl17H46","M-H",-1,443
444,"C32Cl17H48","M-H",-1,444
445,"C33Cl17H50","M-H",-1,445
446,"C34Cl17H52","M-H",-1,446
447,"C35Cl17H54","M-H",-1,447
448,"C36Cl17H56","M-H",-1,448
449,"C9Cl18H1","M-H",-1,449
450,"C10Cl18H3","M-H",-1,450
451,"C11Cl18H5","M-H",-1,451
452,"C12Cl18H7","M-H",-1,452
453,"C13Cl18H9","M-H",-1,453
454,"C14Cl18H11","M-H",-1,454
455,"C15Cl18H13","M-H",-1,455
456,"C16Cl18H15","M-H",-1,456
457,"C17Cl18H17","M-H",-1,457
458,"C18Cl18H19","M-H",-1,458
459,"C19Cl18H21","M-H",-1,459
460,"C20Cl18H23","M-H",-1,460
461,"C21Cl18H25","M-H",-1,461
462,"C22Cl18H27","M-H",-1,462
463,"C23Cl18H29","M-H",-1,463
464,"C24Cl18H31","M-H",-1,464
465,"C25Cl18H33","M-H",-1,465
466,"C26Cl18H35","M-H",-1,466
467,"C27Cl18H37","M-H",-1,467
468,"C28Cl18H39","M-H",-1,468
469,"C29Cl18H41","M-H",-1,469
470,"C30Cl18H43","M-H",-1,470
471,"C31Cl18H45","M-H",-1,471
472,"C32Cl18H47","M-H",-1,472
473,"C33Cl18H49","M-H",-1,473
474,"C34Cl18H51","M-H",-1,474
475,"C35Cl18H53","M-H",-1,475
476,"C36Cl18H55","M-H",-1,476
477,"C9Cl19","M-H",-1,477
478,"C10Cl19H2","M-H",-1,478
479,"C11Cl19H4","M-H",-1,479
480,"C12Cl19H6","M-H",-1,480
481,"C13Cl19H8","M-H",-1,481
482,"C14Cl19H10","M-H",-1,482
483,"C15Cl19H12","M-H",-1,483
484,"C16Cl19H14","M-H",-1,484
485,"C17Cl19H16","M-H",-1,485
486,"C18Cl19H18","M-H",-1,486
487,"C19Cl19H20","M-H",-1,487
488,"C20Cl19H22","M-H",-1,488
489,"C21Cl19H24","M-H",-1,489
490,"C22Cl19H26","M-H",-1,490
491,"C23Cl19H28","M-H",-1,491
492,"C24Cl19H30","M-H",-1,492
493,"C25Cl19H32","M-H",-1,493
494,"C26Cl19H34","M-H",-1,494
495,"C27Cl19H36","M-H",-1,495
496,"C28Cl19H38","M-H",-1,496
497,"C29Cl19H40","M-H",-1,497
498,"C30Cl19H42","M-H",-1,498
499,"C31Cl19H44","M-H",-1,499
500,"C32Cl19H46","M-H",-1,500
501,"C33Cl19H48","M-H",-1,501
502,"C34Cl19H50","M-H",-1,502
503,"C35Cl19H52","M-H",-1,503
504,"C36Cl19H54","M-H",-1,504
505,"C10Cl20H1","M-H",-1,505
506,"C11Cl20H3","M-H",-1,506
507,"C12Cl20H5","M-H",-1,507
508,"C13Cl20H7","M-H",-1,508
509,"C14Cl20H9","M-H",-1,509
510,"C15Cl20H11","M-H",-1,510
511,"C16Cl20H13","M-H",-1,511
512,"C17Cl20H15","M-H",-1,512
513,"C18Cl20H17","M-H",-1,513
514,"C19Cl20H19","M-H",-1,514
515,"C20Cl20H21","M-H",-1,515
516,"C21Cl20H23","M-H",-1,516
517,"C22Cl20H25","M-H",-1,517
518,"C23Cl20H27","M-H",-1,518
519,"C24Cl20H29","M-H",-1,519
520,"C25Cl20H31","M-H",-1,520
521,"C26Cl20H33","M-H",-1,521
522,"C27Cl20H35","M-H",-1,522
523,"C28Cl20H37","M-H",-1,523
524,"C29Cl20H39","M-H",-1,524
525,"C30Cl20H41","M-H",-1,525
526,"C31Cl20H43","M-H",-1,526
527,"C32Cl20H45","M-H",-1,527
528,"C33Cl20H47","M-H",-1,528
529,"C34Cl20H49","M-H",-1,529
530,"C35Cl20H51","M-H",-1,530
531,"C36Cl20H53","M-H",-1,531
532,"C10Cl21","M-H",-1,532
533,"C11Cl21H2","M-H",-1,533
534,"C12Cl21H4","M-H",-1,534
535,"C13Cl21H6","M-H",-1,535
536,"C14Cl21H8","M-H",-1,536
537,"C15Cl21H10","M-H",-1,537
538,"C16Cl21H12","M-H",-1,538
539,"C17Cl21H14","M-H",-1,539
540,"C18Cl21H16","M-H",-1,540
541,"C19Cl21H18","M-H",-1,541
542,"C20Cl21H20","M-H",-1,542
543,"C21Cl21H22","M-H",-1,543
544,"C22Cl21H24","M-H",-1,544
545,"C23Cl21H26","M-H",-1,545
546,"C24Cl21H28","M-H",-1,546
547,"C25Cl21H30","M-H",-1,547
548,"C26Cl21H32","M-H",-1,548
549,"C27Cl21H34","M-H",-1,549
550,"C28Cl21H36","M-H",-1,550
551,"C29Cl21H38","M-H",-1,551
552,"C30Cl21H40","M-H",-1,552
553,"C31Cl21H42","M-H",-1,553
554,"C32Cl21H44","M-H",-1,554
555,"C33Cl21H46","M-H",-1,555
556,"C34Cl21H48","M-H",-1,556
557,"C35Cl21H50","M-H",-1,557
558,"C36Cl21H52","M-H",-1,558
559,"C11Cl22H1","M-H",-1,559
560,"C12Cl22H3","M-H",-1,560
561,"C13Cl22H5","M-H",-1,561
562,"C14Cl22H7","M-H",-1,562
563,"C15Cl22H9","M-H",-1,563
564,"C16Cl22H11","M-H",-1,564
565,"C17Cl22H13","M-H",-1,565
566,"C18Cl22H15","M-H",-1,566
567,"C19Cl22H17","M-H",-1,567
568,"C20Cl22H19","M-H",-1,568
569,"C21Cl22H21","M-H",-1,569
570,"C22Cl22H23","M-H",-1,570
571,"C23Cl22H25","M-H",-1,571
572,"C24Cl22H27","M-H",-1,572
573,"C25Cl22H29","M-H",-1,573
574,"C26Cl22H31","M-H",-1,574
575,"C27Cl22H33","M-H",-1,575
576,"C28Cl22H35","M-H",-1,576
577,"C29Cl22H37","M-H",-1,577
578,"C30Cl22H39","M-H",-1,578
579,"C31Cl22H41","M-H",-1,579
580,"C32Cl22H43","M-H",-1,580
581,"C33Cl22H45","M-H",-1,581
582,"C34Cl22H47","M-H",-1,582
583,"C35Cl22H49","M-H",-1,583
584,"C36Cl22H51","M-H",-1,584
585,"C11Cl23","M-H",-1,585
586,"C12Cl23H2","M-H",-1,586
587,"C13Cl23H4","M-H",-1,587
588,"C14Cl23H6","M-H",-1,588
589,"C15Cl23H8","M-H",-1,589
590,"C16Cl23H10","M-H",-1,590
591,"C17Cl23H12","M-H",-1,591
592,"C18Cl23H14","M-H",-1,592
593,"C19Cl23H16","M-H",-1,593
594,"C20Cl23H18","M-H",-1,594
595,"C21Cl23H20","M-H",-1,595
596,"C22Cl23H22","M-H",-1,596
597,"C23Cl23H24","M-H",-1,597
598,"C24Cl23H26","M-H",-1,598
599,"C25Cl23H28","M-H",-1,599
600,"C26Cl23H30","M-H",-1,600
601,"C27Cl23H32","M-H",-1,601
602,"C28Cl23H34","M-H",-1,602
603,"C29Cl23H36","M-H",-1,603
604,"C30Cl23H38","M-H",-1,604
605,"C31Cl23H40","M-H",-1,605
606,"C32Cl23H42","M-H",-1,606
607,"C33Cl23H44","M-H",-1,607
608,"C34Cl23H46","M-H",-1,608
609,"C35Cl23H48","M-H",-1,609
610,"C36Cl23H50","M-H",-1,610
611,"C12Cl24H1","M-H",-1,611
612,"C13Cl24H3","M-H",-1,612
613,"C14Cl24H5","M-H",-1,613
614,"C15Cl24H7","M-H",-1,614
615,"C16Cl24H9","M-H",-1,615
616,"C17Cl24H11","M-H",-1,616
617,"C18Cl24H13","M-H",-1,617
618,"C19Cl24H15","M-H",-1,618
619,"C20Cl24H17","M-H",-1,619
620,"C21Cl24H19","M-H",-1,620
621,"C22Cl24H21","M-H",-1,621
622,"C23Cl24H23","M-H",-1,622
623,"C24Cl24H25","M-H",-1,623
624,"C25Cl24H27","M-H",-1,624
625,"C26Cl24H29","M-H",-1,625
626,"C27Cl24H31","M-H",-1,626
627,"C28Cl24H33","M-H",-1,627
628,"C29Cl24H35","M-H",-1,628
629,"C30Cl24H37","M-H",-1,629
630,"C31Cl24H39","M-H",-1,630
631,"C32Cl24H41","M-H",-1,631
632,"C33Cl24H43","M-H",-1,632
633,"C34Cl24H45","M-H",-1,633
634,"C35Cl24H47","M-H",-1,634
635,"C36Cl24H49","M-H",-1,635
636,"C12Cl25","M-H",-1,636
637,"C13Cl25H2","M-H",-1,637
638,"C14Cl25H4","M-H",-1,638
639,"C15Cl25H6","M-H",-1,639
640,"C16Cl25H8","M-H",-1,640
641,"C17Cl25H10","M-H",-1,641
642,"C18Cl25H12","M-H",-1,642
643,"C19Cl25H14","M-H",-1,643
644,"C20Cl25H16","M-H",-1,644
645,"C21Cl25H18","M-H",-1,645
646,"C22Cl25H20","M-H",-1,646
647,"C23Cl25H22","M-H",-1,647
648,"C24Cl25H24","M-H",-1,648
649,"C25Cl25H26","M-H",-1,649
650,"C26Cl25H28","M-H",-1,650
651,"C27Cl25H30","M-H",-1,651
652,"C28Cl25H32","M-H",-1,652
653,"C29Cl25H34","M-H",-1,653
654,"C30Cl25H36","M-H",-1,654
655,"C31Cl25H38","M-H",-1,655
656,"C32Cl25H40","M-H",-1,656
657,"C33Cl25H42","M-H",-1,657
658,"C34Cl25H44","M-H",-1,658
659,"C35Cl25H46","M-H",-1,659
660,"C36Cl25H48","M-H",-1,660
661,"C13Cl26H1","M-H",-1,661
662,"C14Cl26H3","M-H",-1,662
663,"C15Cl26H5","M-H",-1,663
664,"C16Cl26H7","M-H",-1,664
665,"C17Cl26H9","M-H",-1,665
666,"C18Cl26H11","M-H",-1,666
667,"C19Cl26H13","M-H",-1,667
668,"C20Cl26H15","M-H",-1,668
669,"C21Cl26H17","M-H",-1,669
670,"C22Cl26H19","M-H",-1,670
671,"C23Cl26H21","M-H",-1,671
672,"C24Cl26H23","M-H",-1,672
673,"C25Cl26H25","M-H",-1,673
674,"C26Cl26H27","M-H",-1,674
675,"C27Cl26H29","M-H",-1,675
676,"C28Cl26H31","M-H",-1,676
677,"C29Cl26H33","M-H",-1,677
678,"C30Cl26H35","M-H",-1,678
679,"C31Cl26H37","M-H",-1,679
680,"C32Cl26H39","M-H",-1,680
681,"C33Cl26H41","M-H",-1,681
682,"C34Cl26H43","M-H",-1,682
683,"C35Cl26H45","M-H",-1,683
684,"C36Cl26H47","M-H",-1,684
685,"C13Cl27","M-H",-1,685
686,"C14Cl27H2","M-H",-1,686
687,"C15Cl27H4","M-H",-1,687
688,"C16Cl27H6","M-H",-1,688
689,"C17Cl27H8","M-H",-1,689
690,"C18Cl27H10","M-H",-1,690
691,"C19Cl27H12","M-H",-1,691
692,"C20Cl27H14","M-H",-1,692
693,"C21Cl27H16","M-H",-1,693
694,"C22Cl27H18","M-H",-1,694
695,"C23Cl27H20","M-H",-1,695
696,"C24Cl27H22","M-H",-1,696
697,"C25Cl27H24","M-H",-1,697
698,"C26Cl27H26","M-H",-1,698
699,"C27Cl27H28","M-H",-1,699
700,"C28Cl27H30","M-H",-1,700
701,"C29Cl27H32","M-H",-1,701
702,"C30Cl27H34","M-H",-1,702
703,"C31Cl27H36","M-H",-1,703
704,"C32Cl27H38","M-H",-1,704
705,"C33Cl27H40","M-H",-1,705
706,"C34Cl27H42","M-H",-1,706
707,"C35Cl27H44","M-H",-1,707
708,"C36Cl27H46","M-H",-1,708
709,"C14Cl28H1","M-H",-1,709
710,"C15Cl28H3","M-H",-1,710
711,"C16Cl28H5","M-H",-1,711
712,"C17Cl28H7","M-H",-1,712
713,"C18Cl28H9","M-H",-1,713
714,"C19Cl28H11","M-H",-1,714
715,"C20Cl28H13","M-H",-1,715
716,"C21Cl28H15","M-H",-1,716
717,"C22Cl28H17","M-H",-1,717
718,"C23Cl28H19","M-H",-1,718
719,"C24Cl28H21","M-H",-1,719
720,"C25Cl28H23","M-H",-1,720
721,"C26Cl28H25","M-H",-1,721
722,"C27Cl28H27","M-H",-1,722
723,"C28Cl28H29","M-H",-1,723
724,"C29Cl28H31","M-H",-1,724
725,"C30Cl28H33","M-H",-1,725
726,"C31Cl28H35","M-H",-1,726
727,"C32Cl28H37","M-H",-1,727
728,"C33Cl28H39","M-H",-1,728
729,"C34Cl28H41","M-H",-1,729
730,"C35Cl28H43","M-H",-1,730
731,"C36Cl28H45","M-H",-1,731
732,"C14Cl29","M-H",-1,732
733,"C15Cl29H2","M-H",-1,733
734,"C16Cl29H4","M-H",-1,734
735,"C17Cl29H6","M-H",-1,735
736,"C18Cl29H8","M-H",-1,736
737,"C19Cl29H10","M-H",-1,737
738,"C20Cl29H12","M-H",-1,738
739,"C21Cl29H14","M-H",-1,739
740,"C22Cl29H16","M-H",-1,740
741,"C23Cl29H18","M-H",-1,741
742,"C24Cl29H20","M-H",-1,742
743,"C25Cl29H22","M-H",-1,743
744,"C26Cl29H24","M-H",-1,744
745,"C27Cl29H26","M-H",-1,745
746,"C28Cl29H28","M-H",-1,746
747,"C29Cl29H30","M-H",-1,747
748,"C30Cl29H32","M-H",-1,748
749,"C31Cl29H34","M-H",-1,749
750,"C32Cl29H36","M-H",-1,750
751,"C33Cl29H38","M-H",-1,751
752,"C34Cl29H40","M-H",-1,752
753,"C35Cl29H42","M-H",-1,753
754,"C36Cl29H44","M-H",-1,754
755,"C15Cl30H1","M-H",-1,755
756,"C16Cl30H3","M-H",-1,756
757,"C17Cl30H5","M-H",-1,757
758,"C18Cl30H7","M-H",-1,758
759,"C19Cl30H9","M-H",-1,759
760,"C20Cl30H11","M-H",-1,760
761,"C21Cl30H13","M-H",-1,761
762,"C22Cl30H15","M-H",-1,762
763,"C23Cl30H17","M-H",-1,763
764,"C24Cl30H19","M-H",-1,764
765,"C25Cl30H21","M-H",-1,765
766,"C26Cl30H23","M-H",-1,766
767,"C27Cl30H25","M-H",-1,767
768,"C28Cl30H27","M-H",-1,768
769,"C29Cl30H29","M-H",-1,769
770,"C30Cl30H31","M-H",-1,770
771,"C31Cl30H33","M-H",-1,771
772,"C32Cl30H35","M-H",-1,772
773,"C33Cl30H37","M-H",-1,773
774,"C34Cl30H39","M-H",-1,774
775,"C35Cl30H41","M-H",-1,775
776,"C36Cl30H43","M-H",-1,776
777,"C9Cl3H16O2","M+Hac-H",-1,1
778,"C10Cl3H18O2","M+Hac-H",-1,2
779,"C11Cl3H20O2","M+Hac-H",-1,3
780,"C12Cl3H22O2","M+Hac-H",-1,4
781,"C13Cl3H24O2","M+Hac-H",-1,5
782,"C14Cl3H26O2","M+Hac-H",-1,6
783,"C15Cl3H28O2","M+Hac-H",-1,7
784,"C16Cl3H30O2","M+Hac-H",-1,8
785,"C17Cl3H32O2","M+Hac-H",-1,9
786,"C18Cl3H34O2","M+Hac-H",-1,10
787,"C19Cl3H36O2","M+Hac-H",-1,11
788,"C20Cl3H38O2","M+Hac-H",-1,12
789,"C21Cl3H40O2","M+Hac-H",-1,13
790,"C22Cl3H42O2","M+Hac-H",-1,14
791,"C23Cl3H44O2","M+Hac-H",-1,15
792,"C24Cl3H46O2","M+Hac-H",-1,16
793,"C25Cl3H48O2","M+Hac-H",-1,17
794,"C26Cl3H50O2","M+Hac-H",-1,18
795,"C27Cl3H52O2","M+Hac-H",-1,19
796,"C28Cl3H54O2","M+Hac-H",-1,20
797,"C29Cl3H56O2","M+Hac-H",-1,21
798,"C30Cl3H58O2","M+Hac-H",-1,22
799,"C31Cl3H60O2","M+Hac-H",-1,23
800,"C32Cl3H62O2","M+Hac-H",-1,24
801,"C33Cl3H64O2","M+Hac-H",-1,25
802,"C34Cl3H66O2","M+Hac-H",-1,26
803,"C35Cl3H68O2","M+Hac-H",-1,27
804,"C36Cl3H70O2","M+Hac-H",-1,28
805,"C37Cl3H72O2","M+Hac-H",-1,29
806,"C38Cl3H74O2","M+Hac-H",-1,30
807,"C9Cl4H15O2","M+Hac-H",-1,31
808,"C10Cl4H17O2","M+Hac-H",-1,32
809,"C11Cl4H19O2","M+Hac-H",-1,33
810,"C12Cl4H21O2","M+Hac-H",-1,34
811,"C13Cl4H23O2","M+Hac-H",-1,35
812,"C14Cl4H25O2","M+Hac-H",-1,36
813,"C15Cl4H27O2","M+Hac-H",-1,37
814,"C16Cl4H29O2","M+Hac-H",-1,38
815,"C17Cl4H31O2","M+Hac-H",-1,39
816,"C18Cl4H33O2","M+Hac-H",-1,40
817,"C19Cl4H35O2","M+Hac-H",-1,41
818,"C20Cl4H37O2","M+Hac-H",-1,42
819,"C21Cl4H39O2","M+Hac-H",-1,43
820,"C22Cl4H41O2","M+Hac-H",-1,44
821,"C23Cl4H43O2","M+Hac-H",-1,45
822,"C24Cl4H45O2","M+Hac-H",-1,46
823,"C25Cl4H47O2","M+Hac-H",-1,47
824,"C26Cl4H49O2","M+Hac-H",-1,48
825,"C27Cl4H51O2","M+Hac-H",-1,49
826,"C28Cl4H53O2","M+Hac-H",-1,50
827,"C29Cl4H55O2","M+Hac-H",-1,51
828,"C30Cl4H57O2","M+Hac-H",-1,52
829,"C31Cl4H59O2","M+Hac-H",-1,53
830,"C32Cl4H61O2","M+Hac-H",-1,54
831,"C33Cl4H63O2","M+Hac-H",-1,55
832,"C34Cl4H65O2","M+Hac-H",-1,56
833,"C35Cl4H67O2","M+Hac-H",-1,57
834,"C36Cl4H69O2","M+Hac-H",-1,58
835,"C37Cl4H71O2","M+Hac-H",-1,59
836,"C38Cl4H73O2","M+Hac-H",-1,60
837,"C9Cl5H14O2","M+Hac-H",-1,61
838,"C10Cl5H16O2","M+Hac-H",-1,62
839,"C11Cl5H18O2","M+Hac-H",-1,63
840,"C12Cl5H20O2","M+Hac-H",-1,64
841,"C13Cl5H22O2","M+Hac-H",-1,65
842,"C14Cl5H24O2","M+Hac-H",-1,66
843,"C15Cl5H26O2","M+Hac-H",-1,67
844,"C16Cl5H28O2","M+Hac-H",-1,68
845,"C17Cl5H30O2","M+Hac-H",-1,69
846,"C18Cl5H32O2","M+Hac-H",-1,70
847,"C19Cl5H34O2","M+Hac-H",-1,71
848,"C20Cl5H36O2","M+Hac-H",-1,72
849,"C21Cl5H38O2","M+Hac-H",-1,73
850,"C22Cl5H40O2","M+Hac-H",-1,74
851,"C23Cl5H42O2","M+Hac-H",-1,75
852,"C24Cl5H44O2","M+Hac-H",-1,76
853,"C25Cl5H46O2","M+Hac-H",-1,77
854,"C26Cl5H48O2","M+Hac-H",-1,78
855,"C27Cl5H50O2","M+Hac-H",-1,79
856,"C28Cl5H52O2","M+Hac-H",-1,80
857,"C29Cl5H54O2","M+Hac-H",-1,81
858,"C30Cl5H56O2","M+Hac-H",-1,82
859,"C31Cl5H58O2","M+Hac-H",-1,83
860,"C32Cl5H60O2","M+Hac-H",-1,84
861,"C33Cl5H62O2","M+Hac-H",-1,85
862,"C34Cl5H64O2","M+Hac-H",-1,86
863,"C35Cl5H66O2","M+Hac-H",-1,87
864,"C36Cl5H68O2","M+Hac-H",-1,88
865,"C37Cl5H70O2","M+Hac-H",-1,89
866,"C38Cl5H72O2","M+Hac-H",-1,90
867,"C9Cl6H13O2","M+Hac-H",-1,91
868,"C10Cl6H15O2","M+Hac-H",-1,92
869,"C11Cl6H17O2","M+Hac-H",-1,93
870,"C12Cl6H19O2","M+Hac-H",-1,94
871,"C13Cl6H21O2","M+Hac-H",-1,95
872,"C14Cl6H23O2","M+Hac-H",-1,96
873,"C15Cl6H25O2","M+Hac-H",-1,97
874,"C16Cl6H27O2","M+Hac-H",-1,98
875,"C17Cl6H29O2","M+Hac-H",-1,99
876,"C18Cl6H31O2","M+Hac-H",-1,100
877,"C19Cl6H33O2","M+Hac-H",-1,101
878,"C20Cl6H35O2","M+Hac-H",-1,102
879,"C21Cl6H37O2","M+Hac-H",-1,103
880,"C22Cl6H39O2","M+Hac-H",-1,104
881,"C23Cl6H41O2","M+Hac-H",-1,105
882,"C24Cl6H43O2","M+Hac-H",-1,106
883,"C25Cl6H45O2","M+Hac-H",-1,107
884,"C26Cl6H47O2","M+Hac-H",-1,108
885,"C27Cl6H49O2","M+Hac-H",-1,109
886,"C28Cl6H51O2","M+Hac-H",-1,110
887,"C29Cl6H53O2","M+Hac-H",-1,111
888,"C30Cl6H55O2","M+Hac-H",-1,112
889,"C31Cl6H57O2","M+Hac-H",-1,113
890,"C32Cl6H59O2","M+Hac-H",-1,114
891,"C33Cl6H61O2","M+Hac-H",-1,115
892,"C34Cl6H63O2","M+Hac-H",-1,116
893,"C35Cl6H65O2","M+Hac-H",-1,117
894,"C36Cl6H67O2","M+Hac-H",-1,118
895,"C37Cl6H69O2","M+Hac-H",-1,119
896,"C38Cl6H71O2","M+Hac-H",-1,120
897,"C9Cl7H12O2","M+Hac-H",-1,121
898,"C10Cl7H14O2","M+Hac-H",-1,122
899,"C11Cl7H16O2","M+Hac-H",-1,123
900,"C12Cl7H18O2","M+Hac-H",-1,124
901,"C13Cl7H20O2","M+Hac-H",-1,125
902,"C14Cl7H22O2","M+Hac-H",-1,126
903,"C15Cl7H24O2","M+Hac-H",-1,127
904,"C16Cl7H26O2","M+Hac-H",-1,128
905,"C17Cl7H28O2","M+Hac-H",-1,129
906,"C18Cl7H30O2","M+Hac-H",-1,130
907,"C19Cl7H32O2","M+Hac-H",-1,131
908,"C20Cl7H34O2","M+Hac-H",-1,132
909,"C21Cl7H36O2","M+Hac-H",-1,133
910,"C22Cl7H38O2","M+Hac-H",-1,134
911,"C23Cl7H40O2","M+Hac-H",-1,135
912,"C24Cl7H42O2","M+Hac-H",-1,136
913,"C25Cl7H44O2","M+Hac-H",-1,137
914,"C26Cl7H46O2","M+Hac-H",-1,138
915,"C27Cl7H48O2","M+Hac-H",-1,139
916,"C28Cl7H50O2","M+Hac-H",-1,140
917,"C29Cl7H52O2","M+Hac-H",-1,141
918,"C30Cl7H54O2","M+Hac-H",-1,142
919,"C31Cl7H56O2","M+Hac-H",-1,143
920,"C32Cl7H58O2","M+Hac-H",-1,144
921,"C33Cl7H60O2","M+Hac-H",-1,145
922,"C34Cl7H62O2","M+Hac-H",-1,146
923,"C35Cl7H64O2","M+Hac-H",-1,147
924,"C36Cl7H66O2","M+Hac-H",-1,148
925,"C37Cl7H68O2","M+Hac-H",-1,149
926,"C38Cl7H70O2","M+Hac-H",-1,150
927,"C9Cl8H11O2","M+Hac-H",-1,151
928,"C10Cl8H13O2","M+Hac-H",-1,152
929,"C11Cl8H15O2","M+Hac-H",-1,153
930,"C12Cl8H17O2","M+Hac-H",-1,154
931,"C13Cl8H19O2","M+Hac-H",-1,155
932,"C14Cl8H21O2","M+Hac-H",-1,156
933,"C15Cl8H23O2","M+Hac-H",-1,157
934,"C16Cl8H25O2","M+Hac-H",-1,158
935,"C17Cl8H27O2","M+Hac-H",-1,159
936,"C18Cl8H29O2","M+Hac-H",-1,160
937,"C19Cl8H31O2","M+Hac-H",-1,161
938,"C20Cl8H33O2","M+Hac-H",-1,162
939,"C21Cl8H35O2","M+Hac-H",-1,163
940,"C22Cl8H37O2","M+Hac-H",-1,164
941,"C23Cl8H39O2","M+Hac-H",-1,165
942,"C24Cl8H41O2","M+Hac-H",-1,166
943,"C25Cl8H43O2","M+Hac-H",-1,167
944,"C26Cl8H45O2","M+Hac-H",-1,168
945,"C27Cl8H47O2","M+Hac-H",-1,169
946,"C28Cl8H49O2","M+Hac-H",-1,170
947,"C29Cl8H51O2","M+Hac-H",-1,171
948,"C30Cl8H53O2","M+Hac-H",-1,172
949,"C31Cl8H55O2","M+Hac-H",-1,173
950,"C32Cl8H57O2","M+Hac-H",-1,174
951,"C33Cl8H59O2","M+Hac-H",-1,175
952,"C34Cl8H61O2","M+Hac-H",-1,176
953,"C35Cl8H63O2","M+Hac-H",-1,177
954,"C36Cl8H65O2","M+Hac-H",-1,178
955,"C37Cl8H67O2","M+Hac-H",-1,179
956,"C38Cl8H69O2","M+Hac-H",-1,180
957,"C9Cl9H10O2","M+Hac-H",-1,181
958,"C10Cl9H12O2","M+Hac-H",-1,182
959,"C11Cl9H14O2","M+Hac-H",-1,183
960,"C12Cl9H16O2","M+Hac-H",-1,184
961,"C13Cl9H18O2","M+Hac-H",-1,185
962,"C14Cl9H20O2","M+Hac-H",-1,186
963,"C15Cl9H22O2","M+Hac-H",-1,187
964,"C16Cl9H24O2","M+Hac-H",-1,188
965,"C17Cl9H26O2","M+Hac-H",-1,189
966,"C18Cl9H28O2","M+Hac-H",-1,190
967,"C19Cl9H30O2","M+Hac-H",-1,191
968,"C20Cl9H32O2","M+Hac-H",-1,192
969,"C21Cl9H34O2","M+Hac-H",-1,193
970,"C22Cl9H36O2","M+Hac-H",-1,194
971,"C23Cl9H38O2","M+Hac-H",-1,195
972,"C24Cl9H40O2","M+Hac-H",-1,196
973,"C25Cl9H42O2","M+Hac-H",-1,197
974,"C26Cl9H44O2","M+Hac-H",-1,198
975,"C27Cl9H46O2","M+Hac-H",-1,199
976,"C28Cl9H48O2","M+Hac-H",-1,200
977,"C29Cl9H50O2","M+Hac-H",-1,201
978,"C30Cl9H52O2","M+Hac-H",-1,202
979,"C31Cl9H54O2","M+Hac-H",-1,203
980,"C32Cl9H56O2","M+Hac-H",-1,204
981,"C33Cl9H58O2","M+Hac-H",-1,205
982,"C34Cl9H60O2","M+Hac-H",-1,206
983,"C35Cl9H62O2","M+Hac-H",-1,207
984,"C36Cl9H64O2","M+Hac-H",-1,208
985,"C37Cl9H66O2","M+Hac-H",-1,209
986,"C38Cl9H68O2","M+Hac-H",-1,210
987,"C9Cl10H9O2","M+Hac-H",-1,211
988,"C10Cl10H11O2","M+Hac-H",-1,212
989,"C11Cl10H13O2","M+Hac-H",-1,213
990,"C12Cl10H15O2","M+Hac-H",-1,214
991,"C13Cl10H17O2","M+Hac-H",-1,215
992,"C14Cl10H19O2","M+Hac-H",-1,216
993,"C15Cl10H21O2","M+Hac-H",-1,217
994,"C16Cl10H23O2","M+Hac-H",-1,218
995,"C17Cl10H25O2","M+Hac-H",-1,219
996,"C18Cl10H27O2","M+Hac-H",-1,220
997,"C19Cl10H29O2","M+Hac-H",-1,221
998,"C20Cl10H31O2","M+Hac-H",-1,222
999,"C21Cl10H33O2","M+Hac-H",-1,223
1000,"C22Cl10H35O2","M+Hac-H",-1,224
1001,"C23Cl10H37O2","M+Hac-H",-1,225
1002,"C24Cl10H39O2","M+Hac-H",-1,226
1003,"C25Cl10H41O2","M+Hac-H",-1,227
1004,"C26Cl10H43O2","M+Hac-H",-1,228
1005,"C27Cl10H45O2","M+Hac-H",-1,229
1006,"C28Cl10H47O2","M+Hac-H",-1,230
1007,"C29Cl10H49O2","M+Hac-H",-1,231
1008,"C30Cl10H51O2","M+Hac-H",-1,232
1009,"C31Cl10H53O2","M+Hac-H",-1,233
1010,"C32Cl10H55O2","M+Hac-H",-1,234
1011,"C33Cl10H57O2","M+Hac-H",-1,235
1012,"C34Cl10H59O2","M+Hac-H",-1,236
1013,"C35Cl10H61O2","M+Hac-H",-1,237
1014,"C36Cl10H63O2","M+Hac-H",-1,238
1015,"C37Cl10H65O2","M+Hac-H",-1,239
1016,"C38Cl10H67O2","M+Hac-H",-1,240
1017,"C9Cl11H8O2","M+Hac-H",-1,241
1018,"C10Cl11H10O2","M+Hac-H",-1,242
1019,"C11Cl11H12O2","M+Hac-H",-1,243
1020,"C12Cl11H14O2","M+Hac-H",-1,244
1021,"C13Cl11H16O2","M+Hac-H",-1,245
1022,"C14Cl11H18O2","M+Hac-H",-1,246
1023,"C15Cl11H20O2","M+Hac-H",-1,247
1024,"C16Cl11H22O2","M+Hac-H",-1,248
1025,"C17Cl11H24O2","M+Hac-H",-1,249
1026,"C18Cl11H26O2","M+Hac-H",-1,250
1027,"C19Cl11H28O2","M+Hac-H",-1,251
1028,"C20Cl11H30O2","M+Hac-H",-1,252
1029,"C21Cl11H32O2","M+Hac-H",-1,253
1030,"C22Cl11H34O2","M+Hac-H",-1,254
1031,"C23Cl11H36O2","M+Hac-H",-1,255
1032,"C24Cl11H38O2","M+Hac-H",-1,256
1033,"C25Cl11H40O2","M+Hac-H",-1,257
1034,"C26Cl11H42O2","M+Hac-H",-1,258
1035,"C27Cl11H44O2","M+Hac-H",-1,259
1036,"C28Cl11H46O2","M+Hac-H",-1,260
1037,"C29Cl11H48O2","M+Hac-H",-1,261
1038,"C30Cl11H50O2","M+Hac-H",-1,262
1039,"C31Cl11H52O2","M+Hac-H",-1,263
1040,"C32Cl11H54O2","M+Hac-H",-1,264
1041,"C33Cl11H56O2","M+Hac-H",-1,265
1042,"C34Cl11H58O2","M+Hac-H",-1,266
1043,"C35Cl11H60O2","M+Hac-H",-1,267
1044,"C36Cl11H62O2","M+Hac-H",-1,268
1045,"C37Cl11H64O2","M+Hac-H",-1,269
1046,"C38Cl11H66O2","M+Hac-H",-1,270
1047,"C9Cl12H7O2","M+Hac-H",-1,271
1048,"C10Cl12H9O2","M+Hac-H",-1,272
1049,"C11Cl12H11O2","M+Hac-H",-1,273
1050,"C12Cl12H13O2","M+Hac-H",-1,274
1051,"C13Cl12H15O2","M+Hac-H",-1,275
1052,"C14Cl12H17O2","M+Hac-H",-1,276
1053,"C15Cl12H19O2","M+Hac-H",-1,277
1054,"C16Cl12H21O2","M+Hac-H",-1,278
1055,"C17Cl12H23O2","M+Hac-H",-1,279
1056,"C18Cl12H25O2","M+Hac-H",-1,280
1057,"C19Cl12H27O2","M+Hac-H",-1,281
1058,"C20Cl12H29O2","M+Hac-H",-1,282
1059,"C21Cl12H31O2","M+Hac-H",-1,283
1060,"C22Cl12H33O2","M+Hac-H",-1,284
1061,"C23Cl12H35O2","M+Hac-H",-1,285
1062,"C24Cl12H37O2","M+Hac-H",-1,286
1063,"C25Cl12H39O2","M+Hac-H",-1,287
1064,"C26Cl12H41O2","M+Hac-H",-1,288
1065,"C27Cl12H43O2","M+Hac-H",-1,289
1066,"C28Cl12H45O2","M+Hac-H",-1,290
1067,"C29Cl12H47O2","M+Hac-H",-1,291
1068,"C30Cl12H49O2","M+Hac-H",-1,292
1069,"C31Cl12H51O2","M+Hac-H",-1,293
1070,"C32Cl12H53O2","M+Hac-H",-1,294
1071,"C33Cl12H55O2","M+Hac-H",-1,295
1072,"C34Cl12H57O2","M+Hac-H",-1,296
1073,"C35Cl12H59O2","M+Hac-H",-1,297
1074,"C36Cl12H61O2","M+Hac-H",-1,298
1075,"C37Cl12H63O2","M+Hac-H",-1,299
1076,"C38Cl12H65O2","M+Hac-H",-1,300
1077,"C9Cl13H6O2","M+Hac-H",-1,301
1078,"C10Cl13H8O2","M+Hac-H",-1,302
1079,"C11Cl13H10O2","M+Hac-H",-1,303
1080,"C12Cl13H12O2","M+Hac-H",-1,304
1081,"C13Cl13H14O2","M+Hac-H",-1,305
1082,"C14Cl13H16O2","M+Hac-H",-1,306
1083,"C15Cl13H18O2","M+Hac-H",-1,307
1084,"C16Cl13H20O2","M+Hac-H",-1,308
1085,"C17Cl13H22O2","M+Hac-H",-1,309
1086,"C18Cl13H24O2","M+Hac-H",-1,310
1087,"C19Cl13H26O2","M+Hac-H",-1,311
1088,"C20Cl13H28O2","M+Hac-H",-1,312
1089,"C21Cl13H30O2","M+Hac-H",-1,313
1090,"C22Cl13H32O2","M+Hac-H",-1,314
1091,"C23Cl13H34O2","M+Hac-H",-1,315
1092,"C24Cl13H36O2","M+Hac-H",-1,316
1093,"C25Cl13H38O2","M+Hac-H",-1,317
1094,"C26Cl13H40O2","M+Hac-H",-1,318
1095,"C27Cl13H42O2","M+Hac-H",-1,319
1096,"C28Cl13H44O2","M+Hac-H",-1,320
1097,"C29Cl13H46O2","M+Hac-H",-1,321
1098,"C30Cl13H48O2","M+Hac-H",-1,322
1099,"C31Cl13H50O2","M+Hac-H",-1,323
1100,"C32Cl13H52O2","M+Hac-H",-1,324
1101,"C33Cl13H54O2","M+Hac-H",-1,325
1102,"C34Cl13H56O2","M+Hac-H",-1,326
1103,"C35Cl13H58O2","M+Hac-H",-1,327
1104,"C36Cl13H60O2","M+Hac-H",-1,328
1105,"C37Cl13H62O2","M+Hac-H",-1,329
1106,"C38Cl13H64O2","M+Hac-H",-1,330
1107,"C9Cl14H5O2","M+Hac-H",-1,331
1108,"C10Cl14H7O2","M+Hac-H",-1,332
1109,"C11Cl14H9O2","M+Hac-H",-1,333
1110,"C12Cl14H11O2","M+Hac-H",-1,334
1111,"C13Cl14H13O2","M+Hac-H",-1,335
1112,"C14Cl14H15O2","M+Hac-H",-1,336
1113,"C15Cl14H17O2","M+Hac-H",-1,337
1114,"C16Cl14H19O2","M+Hac-H",-1,338
1115,"C17Cl14H21O2","M+Hac-H",-1,339
1116,"C18Cl14H23O2","M+Hac-H",-1,340
1117,"C19Cl14H25O2","M+Hac-H",-1,341
1118,"C20Cl14H27O2","M+Hac-H",-1,342
1119,"C21Cl14H29O2","M+Hac-H",-1,343
1120,"C22Cl14H31O2","M+Hac-H",-1,344
1121,"C23Cl14H33O2","M+Hac-H",-1,345
1122,"C24Cl14H35O2","M+Hac-H",-1,346
1123,"C25Cl14H37O2","M+Hac-H",-1,347
1124,"C26Cl14H39O2","M+Hac-H",-1,348
1125,"C27Cl14H41O2","M+Hac-H",-1,349
1126,"C28Cl14H43O2","M+Hac-H",-1,350
1127,"C29Cl14H45O2","M+Hac-H",-1,351
1128,"C30Cl14H47O2","M+Hac-H",-1,352
1129,"C31Cl14H49O2","M+Hac-H",-1,353
1130,"C32Cl14H51O2","M+Hac-H",-1,354
1131,"C33Cl14H53O2","M+Hac-H",-1,355
1132,"C34Cl14H55O2","M+Hac-H",-1,356
1133,"C35Cl14H57O2","M+Hac-H",-1,357
1134,"C36Cl14H59O2","M+Hac-H",-1,358
1135,"C37Cl14H61O2","M+Hac-H",-1,359
1136,"C38Cl14H63O2","M+Hac-H",-1,360
1137,"C9Cl15H4O2","M+Hac-H",-1,361
1138,"C10Cl15H6O2","M+Hac-H",-1,362
1139,"C11Cl15H8O2","M+Hac-H",-1,363
1140,"C12Cl15H10O2","M+Hac-H",-1,364
1141,"C13Cl15H12O2","M+Hac-H",-1,365
1142,"C14Cl15H14O2","M+Hac-H",-1,366
1143,"C15Cl15H16O2","M+Hac-H",-1,367
1144,"C16Cl15H18O2","M+Hac-H",-1,368
1145,"C17Cl15H20O2","M+Hac-H",-1,369
1146,"C18Cl15H22O2","M+Hac-H",-1,370
1147,"C19Cl15H24O2","M+Hac-H",-1,371
1148,"C20Cl15H26O2","M+Hac-H",-1,372
1149,"C21Cl15H28O2","M+Hac-H",-1,373
1150,"C22Cl15H30O2","M+Hac-H",-1,374
1151,"C23Cl15H32O2","M+Hac-H",-1,375
1152,"C24Cl15H34O2","M+Hac-H",-1,376
1153,"C25Cl15H36O2","M+Hac-H",-1,377
1154,"C26Cl15H38O2","M+Hac-H",-1,378
1155,"C27Cl15H40O2","M+Hac-H",-1,379
1156,"C28Cl15H42O2","M+Hac-H",-1,380
1157,"C29Cl15H44O2","M+Hac-H",-1,381
1158,"C30Cl15H46O2","M+Hac-H",-1,382
1159,"C31Cl15H48O2","M+Hac-H",-1,383
1160,"C32Cl15H50O2","M+Hac-H",-1,384
1161,"C33Cl15H52O2","M+Hac-H",-1,385
1162,"C34Cl15H54O2","M+Hac-H",-1,386
1163,"C35Cl15H56O2","M+Hac-H",-1,387
1164,"C36Cl15H58O2","M+Hac-H",-1,388
1165,"C37Cl15H60O2","M+Hac-H",-1,389
1166,"C38Cl15H62O2","M+Hac-H",-1,390
1167,"C10Cl16H5O2","M+Hac-H",-1,391
1168,"C11Cl16H7O2","M+Hac-H",-1,392
1169,"C12Cl16H9O2","M+Hac-H",-1,393
1170,"C13Cl16H11O2","M+Hac-H",-1,394
1171,"C14Cl16H13O2","M+Hac-H",-1,395
1172,"C15Cl16H15O2","M+Hac-H",-1,396
1173,"C16Cl16H17O2","M+Hac-H",-1,397
1174,"C17Cl16H19O2","M+Hac-H",-1,398
1175,"C18Cl16H21O2","M+Hac-H",-1,399
1176,"C19Cl16H23O2","M+Hac-H",-1,400
1177,"C20Cl16H25O2","M+Hac-H",-1,401
1178,"C21Cl16H27O2","M+Hac-H",-1,402
1179,"C22Cl16H29O2","M+Hac-H",-1,403
1180,"C23Cl16H31O2","M+Hac-H",-1,404
1181,"C24Cl16H33O2","M+Hac-H",-1,405
1182,"C25Cl16H35O2","M+Hac-H",-1,406
1183,"C26Cl16H37O2","M+Hac-H",-1,407
1184,"C27Cl16H39O2","M+Hac-H",-1,408
1185,"C28Cl16H41O2","M+Hac-H",-1,409
1186,"C29Cl16H43O2","M+Hac-H",-1,410
1187,"C30Cl16H45O2","M+Hac-H",-1,411
1188,"C31Cl16H47O2","M+Hac-H",-1,412
1189,"C32Cl16H49O2","M+Hac-H",-1,413
1190,"C33Cl16H51O2","M+Hac-H",-1,414
1191,"C34Cl16H53O2","M+Hac-H",-1,415
1192,"C35Cl16H55O2","M+Hac-H",-1,416
1193,"C36Cl16H57O2","M+Hac-H",-1,417
1194,"C37Cl16H59O2","M+Hac-H",-1,418
1195,"C38Cl16H61O2","M+Hac-H",-1,419
1196,"C10Cl17H4O2","M+Hac-H",-1,420
1197,"C11Cl17H6O2","M+Hac-H",-1,421
1198,"C12Cl17H8O2","M+Hac-H",-1,422
1199,"C13Cl17H10O2","M+Hac-H",-1,423
1200,"C14Cl17H12O2","M+Hac-H",-1,424
1201,"C15Cl17H14O2","M+Hac-H",-1,425
1202,"C16Cl17H16O2","M+Hac-H",-1,426
1203,"C17Cl17H18O2","M+Hac-H",-1,427
1204,"C18Cl17H20O2","M+Hac-H",-1,428
1205,"C19Cl17H22O2","M+Hac-H",-1,429
1206,"C20Cl17H24O2","M+Hac-H",-1,430
1207,"C21Cl17H26O2","M+Hac-H",-1,431
1208,"C22Cl17H28O2","M+Hac-H",-1,432
1209,"C23Cl17H30O2","M+Hac-H",-1,433
1210,"C24Cl17H32O2","M+Hac-H",-1,434
1211,"C25Cl17H34O2","M+Hac-H",-1,435
1212,"C26Cl17H36O2","M+Hac-H",-1,436
1213,"C27Cl17H38O2","M+Hac-H",-1,437
1214,"C28Cl17H40O2","M+Hac-H",-1,438
1215,"C29Cl17H42O2","M+Hac-H",-1,439
1216,"C30Cl17H44O2","M+Hac-H",-1,440
1217,"C31Cl17H46O2","M+Hac-H",-1,441
1218,"C32Cl17H48O2","M+Hac-H",-1,442
1219,"C33Cl17H50O2","M+Hac-H",-1,443
1220,"C34Cl17H52O2","M+Hac-H",-1,444
1221,"C35Cl17H54O2","M+Hac-H",-1,445
1222,"C36Cl17H56O2","M+Hac-H",-1,446
1223,"C37Cl17H58O2","M+Hac-H",-1,447
1224,"C38Cl17H60O2","M+Hac-H",-1,448
1225,"C11Cl18H5O2","M+Hac-H",-1,449
1226,"C12Cl18H7O2","M+Hac-H",-1,450
1227,"C13Cl18H9O2","M+Hac-H",-1,451
1228,"C14Cl18H11O2","M+Hac-H",-1,452
1229,"C15Cl18H13O2","M+Hac-H",-1,453
1230,"C16Cl18H15O2","M+Hac-H",-1,454
1231,"C17Cl18H17O2","M+Hac-H",-1,455
1232,"C18Cl18H19O2","M+Hac-H",-1,456
1233,"C19Cl18H21O2","M+Hac-H",-1,457
1234,"C20Cl18H23O2","M+Hac-H",-1,458
1235,"C21Cl18H25O2","M+Hac-H",-1,459
1236,"C22Cl18H27O2","M+Hac-H",-1,460
1237,"C23Cl18H29O2","M+Hac-H",-1,461
1238,"C24Cl18H31O2","M+Hac-H",-1,462
1239,"C25Cl18H33O2","M+Hac-H",-1,463
1240,"C26Cl18H35O2","M+Hac-H",-1,464
1241,"C27Cl18H37O2","M+Hac-H",-1,465
1242,"C28Cl18H39O2","M+Hac-H",-1,466
1243,"C29Cl18H41O2","M+Hac-H",-1,467
1244,"C30Cl18H43O2","M+Hac-H",-1,468
1245,"C31Cl18H45O2","M+Hac-H",-1,469
1246,"C32Cl18H47O2","M+Hac-H",-1,470
1247,"C33Cl18H49O2","M+Hac-H",-1,471
1248,"C34Cl18H51O2","M+Hac-H",-1,472
1249,"C35Cl18H53O2","M+Hac-H",-1,473
1250,"C36Cl18H55O2","M+Hac-H",-1,474
1251,"C37Cl18H57O2","M+Hac-H",-1,475
1252,"C38Cl18H59O2","M+Hac-H",-1,476
1253,"C11Cl19H4O2","M+Hac-H",-1,477
1254,"C12Cl19H6O2","M+Hac-H",-1,478
1255,"C13Cl19H8O2","M+Hac-H",-1,479
1256,"C14Cl19H10O2","M+Hac-H",-1,480
1257,"C15Cl19H12O2","M+Hac-H",-1,481
1258,"C16Cl19H14O2","M+Hac-H",-1,482
1259,"C17Cl19H16O2","M+Hac-H",-1,483
1260,"C18Cl19H18O2","M+Hac-H",-1,484
1261,"C19Cl19H20O2","M+Hac-H",-1,485
1262,"C20Cl19H22O2","M+Hac-H",-1,486
1263,"C21Cl19H24O2","M+Hac-H",-1,487
1264,"C22Cl19H26O2","M+Hac-H",-1,488
1265,"C23Cl19H28O2","M+Hac-H",-1,489
1266,"C24Cl19H30O2","M+Hac-H",-1,490
1267,"C25Cl19H32O2","M+Hac-H",-1,491
1268,"C26Cl19H34O2","M+Hac-H",-1,492
1269,"C27Cl19H36O2","M+Hac-H",-1,493
1270,"C28Cl19H38O2","M+Hac-H",-1,494
1271,"C29Cl19H40O2","M+Hac-H",-1,495
1272,"C30Cl19H42O2","M+Hac-H",-1,496
1273,"C31Cl19H44O2","M+Hac-H",-1,497
1274,"C32Cl19H46O2","M+Hac-H",-1,498
1275,"C33Cl19H48O2","M+Hac-H",-1,499
1276,"C34Cl19H50O2","M+Hac-H",-1,500
1277,"C35Cl19H52O2","M+Hac-H",-1,501
1278,"C36Cl19H54O2","M+Hac-H",-1,502
1279,"C37Cl19H56O2","M+Hac-H",-1,503
1280,"C38Cl19H58O2","M+Hac-H",-1,504
1281,"C12Cl20H5O2","M+Hac-H",-1,505
1282,"C13Cl20H7O2","M+Hac-H",-1,506
1283,"C14Cl20H9O2","M+Hac-H",-1,507
1284,"C15Cl20H11O2","M+Hac-H",-1,508
1285,"C16Cl20H13O2","M+Hac-H",-1,509
1286,"C17Cl20H15O2","M+Hac-H",-1,510
1287,"C18Cl20H17O2","M+Hac-H",-1,511
1288,"C19Cl20H19O2","M+Hac-H",-1,512
1289,"C20Cl20H21O2","M+Hac-H",-1,513
1290,"C21Cl20H23O2","M+Hac-H",-1,514
1291,"C22Cl20H25O2","M+Hac-H",-1,515
1292,"C23Cl20H27O2","M+Hac-H",-1,516
1293,"C24Cl20H29O2","M+Hac-H",-1,517
1294,"C25Cl20H31O2","M+Hac-H",-1,518
1295,"C26Cl20H33O2","M+Hac-H",-1,519
1296,"C27Cl20H35O2","M+Hac-H",-1,520
1297,"C28Cl20H37O2","M+Hac-H",-1,521
1298,"C29Cl20H39O2","M+Hac-H",-1,522
1299,"C30Cl20H41O2","M+Hac-H",-1,523
1300,"C31Cl20H43O2","M+Hac-H",-1,524
1301,"C32Cl20H45O2","M+Hac-H",-1,525
1302,"C33Cl20H47O2","M+Hac-H",-1,526
1303,"C34Cl20H49O2","M+Hac-H",-1,527
1304,"C35Cl20H51O2","M+Hac-H",-1,528
1305,"C36Cl20H53O2","M+Hac-H",-1,529
1306,"C37Cl20H55O2","M+Hac-H",-1,530
1307,"C38Cl20H57O2","M+Hac-H",-1,531
1308,"C12Cl21H4O2","M+Hac-H",-1,532
1309,"C13Cl21H6O2","M+Hac-H",-1,533
1310,"C14Cl21H8O2","M+Hac-H",-1,534
1311,"C15Cl21H10O2","M+Hac-H",-1,535
1312,"C16Cl21H12O2","M+Hac-H",-1,536
1313,"C17Cl21H14O2","M+Hac-H",-1,537
1314,"C18Cl21H16O2","M+Hac-H",-1,538
1315,"C19Cl21H18O2","M+Hac-H",-1,539
1316,"C20Cl21H20O2","M+Hac-H",-1,540
1317,"C21Cl21H22O2","M+Hac-H",-1,541
1318,"C22Cl21H24O2","M+Hac-H",-1,542
1319,"C23Cl21H26O2","M+Hac-H",-1,543
1320,"C24Cl21H28O2","M+Hac-H",-1,544
1321,"C25Cl21H30O2","M+Hac-H",-1,545
1322,"C26Cl21H32O2","M+Hac-H",-1,546
1323,"C27Cl21H34O2","M+Hac-H",-1,547
1324,"C28Cl21H36O2","M+Hac-H",-1,548
1325,"C29Cl21H38O2","M+Hac-H",-1,549
1326,"C30Cl21H40O2","M+Hac-H",-1,550
1327,"C31Cl21H42O2","M+Hac-H",-1,551
1328,"C32Cl21H44O2","M+Hac-H",-1,552
1329,"C33Cl21H46O2","M+Hac-H",-1,553
1330,"C34Cl21H48O2","M+Hac-H",-1,554
1331,"C35Cl21H50O2","M+Hac-H",-1,555
1332,"C36Cl21H52O2","M+Hac-H",-1,556
1333,"C37Cl21H54O2","M+Hac-H",-1,557
1334,"C38Cl21H56O2","M+Hac-H",-1,558
1335,"C13Cl22H5O2","M+Hac-H",-1,559
1336,"C14Cl22H7O2","M+Hac-H",-1,560
1337,"C15Cl22H9O2","M+Hac-H",-1,561
1338,"C16Cl22H11O2","M+Hac-H",-1,562
1339,"C17Cl22H13O2","M+Hac-H",-1,563
1340,"C18Cl22H15O2","M+Hac-H",-1,564
1341,"C19Cl22H17O2","M+Hac-H",-1,565
1342,"C20Cl22H19O2","M+Hac-H",-1,566
1343,"C21Cl22H21O2","M+Hac-H",-1,567
1344,"C22Cl22H23O2","M+Hac-H",-1,568
1345,"C23Cl22H25O2","M+Hac-H",-1,569
1346,"C24Cl22H27O2","M+Hac-H",-1,570
1347,"C25Cl22H29O2","M+Hac-H",-1,571
1348,"C26Cl22H31O2","M+Hac-H",-1,572
1349,"C27Cl22H33O2","M+Hac-H",-1,573
1350,"C28Cl22H35O2","M+Hac-H",-1,574
1351,"C29Cl22H37O2","M+Hac-H",-1,575
1352,"C30Cl22H39O2","M+Hac-H",-1,576
1353,"C31Cl22H41O2","M+Hac-H",-1,577
1354,"C32Cl22H43O2","M+Hac-H",-1,578
1355,"C33Cl22H45O2","M+Hac-H",-1,579
1356,"C34Cl22H47O2","M+Hac-H",-1,580
1357,"C35Cl22H49O2","M+Hac-H",-1,581
1358,"C36Cl22H51O2","M+Hac-H",-1,582
1359,"C37Cl22H53O2","M+Hac-H",-1,583
1360,"C38Cl22H55O2","M+Hac-H",-1,584
1361,"C13Cl23H4O2","M+Hac-H",-1,585
1362,"C14Cl23H6O2","M+Hac-H",-1,586
1363,"C15Cl23H8O2","M+Hac-H",-1,587
1364,"C16Cl23H10O2","M+Hac-H",-1,588
1365,"C17Cl23H12O2","M+Hac-H",-1,589
1366,"C18Cl23H14O2","M+Hac-H",-1,590
1367,"C19Cl23H16O2","M+Hac-H",-1,591
1368,"C20Cl23H18O2","M+Hac-H",-1,592
1369,"C21Cl23H20O2","M+Hac-H",-1,593
1370,"C22Cl23H22O2","M+Hac-H",-1,594
1371,"C23Cl23H24O2","M+Hac-H",-1,595
1372,"C24Cl23H26O2","M+Hac-H",-1,596
1373,"C25Cl23H28O2","M+Hac-H",-1,597
1374,"C26Cl23H30O2","M+Hac-H",-1,598
1375,"C27Cl23H32O2","M+Hac-H",-1,599
1376,"C28Cl23H34O2","M+Hac-H",-1,600
1377,"C29Cl23H36O2","M+Hac-H",-1,601
1378,"C30Cl23H38O2","M+Hac-H",-1,602
1379,"C31Cl23H40O2","M+Hac-H",-1,603
1380,"C32Cl23H42O2","M+Hac-H",-1,604
1381,"C33Cl23H44O2","M+Hac-H",-1,605
1382,"C34Cl23H46O2","M+Hac-H",-1,606
1383,"C35Cl23H48O2","M+Hac-H",-1,607
1384,"C36Cl23H50O2","M+Hac-H",-1,608
1385,"C37Cl23H52O2","M+Hac-H",-1,609
1386,"C38Cl23H54O2","M+Hac-H",-1,610
1387,"C14Cl24H5O2","M+Hac-H",-1,611
1388,"C15Cl24H7O2","M+Hac-H",-1,612
1389,"C16Cl24H9O2","M+Hac-H",-1,613
1390,"C17Cl24H11O2","M+Hac-H",-1,614
1391,"C18Cl24H13O2","M+Hac-H",-1,615
1392,"C19Cl24H15O2","M+Hac-H",-1,616
1393,"C20Cl24H17O2","M+Hac-H",-1,617
1394,"C21Cl24H19O2","M+Hac-H",-1,618
1395,"C22Cl24H21O2","M+Hac-H",-1,619
1396,"C23Cl24H23O2","M+Hac-H",-1,620
1397,"C24Cl24H25O2","M+Hac-H",-1,621
1398,"C25Cl24H27O2","M+Hac-H",-1,622
1399,"C26Cl24H29O2","M+Hac-H",-1,623
1400,"C27Cl24H31O2","M+Hac-H",-1,624
1401,"C28Cl24H33O2","M+Hac-H",-1,625
1402,"C29Cl24H35O2","M+Hac-H",-1,626
1403,"C30Cl24H37O2","M+Hac-H",-1,627
1404,"C31Cl24H39O2","M+Hac-H",-1,628
1405,"C32Cl24H41O2","M+Hac-H",-1,629
1406,"C33Cl24H43O2","M+Hac-H",-1,630
1407,"C34Cl24H45O2","M+Hac-H",-1,631
1408,"C35Cl24H47O2","M+Hac-H",-1,632
1409,"C36Cl24H49O2","M+Hac-H",-1,633
1410,"C37Cl24H51O2","M+Hac-H",-1,634
1411,"C38Cl24H53O2","M+Hac-H",-1,635
1412,"C14Cl25H4O2","M+Hac-H",-1,636
1413,"C15Cl25H6O2","M+Hac-H",-1,637
1414,"C16Cl25H8O2","M+Hac-H",-1,638
1415,"C17Cl25H10O2","M+Hac-H",-1,639
1416,"C18Cl25H12O2","M+Hac-H",-1,640
1417,"C19Cl25H14O2","M+Hac-H",-1,641
1418,"C20Cl25H16O2","M+Hac-H",-1,642
1419,"C21Cl25H18O2","M+Hac-H",-1,643
1420,"C22Cl25H20O2","M+Hac-H",-1,644
1421,"C23Cl25H22O2","M+Hac-H",-1,645
1422,"C24Cl25H24O2","M+Hac-H",-1,646
1423,"C25Cl25H26O2","M+Hac-H",-1,647
1424,"C26Cl25H28O2","M+Hac-H",-1,648
1425,"C27Cl25H30O2","M+Hac-H",-1,649
1426,"C28Cl25H32O2","M+Hac-H",-1,650
1427,"C29Cl25H34O2","M+Hac-H",-1,651
1428,"C30Cl25H36O2","M+Hac-H",-1,652
1429,"C31Cl25H38O2","M+Hac-H",-1,653
1430,"C32Cl25H40O2","M+Hac-H",-1,654
1431,"C33Cl25H42O2","M+Hac-H",-1,655
1432,"C34Cl25H44O2","M+Hac-H",-1,656
1433,"C35Cl25H46O2","M+Hac-H",-1,657
1434,"C36Cl25H48O2","M+Hac-H",-1,658
1435,"C37Cl25H50O2","M+Hac-H",-1,659
1436,"C38Cl25H52O2","M+Hac-H",-1,660
1437,"C15Cl26H5O2","M+Hac-H",-1,661
1438,"C16Cl26H7O2","M+Hac-H",-1,662
1439,"C17Cl26H9O2","M+Hac-H",-1,663
1440,"C18Cl26H11O2","M+Hac-H",-1,664
1441,"C19Cl26H13O2","M+Hac-H",-1,665
1442,"C20Cl26H15O2","M+Hac-H",-1,666
1443,"C21Cl26H17O2","M+Hac-H",-1,667
1444,"C22Cl26H19O2","M+Hac-H",-1,668
1445,"C23Cl26H21O2","M+Hac-H",-1,669
1446,"C24Cl26H23O2","M+Hac-H",-1,670
1447,"C25Cl26H25O2","M+Hac-H",-1,671
1448,"C26Cl26H27O2","M+Hac-H",-1,672
1449,"C27Cl26H29O2","M+Hac-H",-1,673
1450,"C28Cl26H31O2","M+Hac-H",-1,674
1451,"C29Cl26H33O2","M+Hac-H",-1,675
1452,"C30Cl26H35O2","M+Hac-H",-1,676
1453,"C31Cl26H37O2","M+Hac-H",-1,677
1454,"C32Cl26H39O2","M+Hac-H",-1,678
1455,"C33Cl26H41O2","M+Hac-H",-1,679
1456,"C34Cl26H43O2","M+Hac-H",-1,680
1457,"C35Cl26H45O2","M+Hac-H",-1,681
1458,"C36Cl26H47O2","M+Hac-H",-1,682
1459,"C37Cl26H49O2","M+Hac-H",-1,683
1460,"C38Cl26H51O2","M+Hac-H",-1,684
1461,"C15Cl27H4O2","M+Hac-H",-1,685
1462,"C16Cl27H6O2","M+Hac-H",-1,686
1463,"C17Cl27H8O2","M+Hac-H",-1,687
1464,"C18Cl27H10O2","M+Hac-H",-1,688
1465,"C19Cl27H12O2","M+Hac-H",-1,689
1466,"C20Cl27H14O2","M+Hac-H",-1,690
1467,"C21Cl27H16O2","M+Hac-H",-1,691
1468,"C22Cl27H18O2","M+Hac-H",-1,692
1469,"C23Cl27H20O2","M+Hac-H",-1,693
1470,"C24Cl27H22O2","M+Hac-H",-1,694
1471,"C25Cl27H24O2","M+Hac-H",-1,695
1472,"C26Cl27H26O2","M+Hac-H",-1,696
1473,"C27Cl27H28O2","M+Hac-H",-1,697
1474,"C28Cl27H30O2","M+Hac-H",-1,698
1475,"C29Cl27H32O2","M+Hac-H",-1,699
1476,"C30Cl27H34O2","M+Hac-H",-1,700
1477,"C31Cl27H36O2","M+Hac-H",-1,701
1478,"C32Cl27H38O2","M+Hac-H",-1,702
1479,"C33Cl27H40O2","M+Hac-H",-1,703
1480,"C34Cl27H42O2","M+Hac-H",-1,704
1481,"C35Cl27H44O2","M+Hac-H",-1,705
1482,"C36Cl27H46O2","M+Hac-H",-1,706
1483,"C37Cl27H48O2","M+Hac-H",-1,707
1484,"C38Cl27H50O2","M+Hac-H",-1,708
1485,"C16Cl28H5O2","M+Hac-H",-1,709
1486,"C17Cl28H7O2","M+Hac-H",-1,710
1487,"C18Cl28H9O2","M+Hac-H",-1,711
1488,"C19Cl28H11O2","M+Hac-H",-1,712
1489,"C20Cl28H13O2","M+Hac-H",-1,713
1490,"C21Cl28H15O2","M+Hac-H",-1,714
1491,"C22Cl28H17O2","M+Hac-H",-1,715
1492,"C23Cl28H19O2","M+Hac-H",-1,716
1493,"C24Cl28H21O2","M+Hac-H",-1,717
1494,"C25Cl28H23O2","M+Hac-H",-1,718
1495,"C26Cl28H25O2","M+Hac-H",-1,719
1496,"C27Cl28H27O2","M+Hac-H",-1,720
1497,"C28Cl28H29O2","M+Hac-H",-1,721
1498,"C29Cl28H31O2","M+Hac-H",-1,722
1499,"C30Cl28H33O2","M+Hac-H",-1,723
1500,"C31Cl28H35O2","M+Hac-H",-1,724
1501,"C32Cl28H37O2","M+Hac-H",-1,725
1502,"C33Cl28H39O2","M+Hac-H",-1,726
1503,"C34Cl28H41O2","M+Hac-H",-1,727
1504,"C35Cl28H43O2","M+Hac-H",-1,728
1505,"C36Cl28H45O2","M+Hac-H",-1,729
1506,"C37Cl28H47O2","M+Hac-H",-1,730
1507,"C38Cl28H49O2","M+Hac-H",-1,731
1508,"C16Cl29H4O2","M+Hac-H",-1,732
1509,"C17Cl29H6O2","M+Hac-H",-1,733
1510,"C18Cl29H8O2","M+Hac-H",-1,734
1511,"C19Cl29H10O2","M+Hac-H",-1,735
1512,"C20Cl29H12O2","M+Hac-H",-1,736
1513,"C21Cl29H14O2","M+Hac-H",-1,737
1514,"C22Cl29H16O2","M+Hac-H",-1,738
1515,"C23Cl29H18O2","M+Hac-H",-1,739
1516,"C24Cl29H20O2","M+Hac-H",-1,740
1517,"C25Cl29H22O2","M+Hac-H",-1,741
1518,"C26Cl29H24O2","M+Hac-H",-1,742
1519,"C27Cl29H26O2","M+Hac-H",-1,743
1520,"C28Cl29H28O2","M+Hac-H",-1,744
1521,"C29Cl29H30O2","M+Hac-H",-1,745
1522,"C30Cl29H32O2","M+Hac-H",-1,746
1523,"C31Cl29H34O2","M+Hac-H",-1,747
1524,"C32Cl29H36O2","M+Hac-H",-1,748
1525,"C33Cl29H38O2","M+Hac-H",-1,749
1526,"C34Cl29H40O2","M+Hac-H",-1,750
1527,"C35Cl29H42O2","M+Hac-H",-1,751
1528,"C36Cl29H44O2","M+Hac-H",-1,752
1529,"C37Cl29H46O2","M+Hac-H",-1,753
1530,"C38Cl29H48O2","M+Hac-H",-1,754
1531,"C17Cl30H5O2","M+Hac-H",-1,755
1532,"C18Cl30H7O2","M+Hac-H",-1,756
1533,"C19Cl30H9O2","M+Hac-H",-1,757
1534,"C20Cl30H11O2","M+Hac-H",-1,758
1535,"C21Cl30H13O2","M+Hac-H",-1,759
1536,"C22Cl30H15O2","M+Hac-H",-1,760
1537,"C23Cl30H17O2","M+Hac-H",-1,761
1538,"C24Cl30H19O2","M+Hac-H",-1,762
1539,"C25Cl30H21O2","M+Hac-H",-1,763
1540,"C26Cl30H23O2","M+Hac-H",-1,764
1541,"C27Cl30H25O2","M+Hac-H",-1,765
1542,"C28Cl30H27O2","M+Hac-H",-1,766
1543,"C29Cl30H29O2","M+Hac-H",-1,767
1544,"C30Cl30H31O2","M+Hac-H",-1,768
1545,"C31Cl30H33O2","M+Hac-H",-1,769
1546,"C32Cl30H35O2","M+Hac-H",-1,770
1547,"C33Cl30H37O2","M+Hac-H",-1,771
1548,"C34Cl30H39O2","M+Hac-H",-1,772
1549,"C35Cl30H41O2","M+Hac-H",-1,773
1550,"C36Cl30H43O2","M+Hac-H",-1,774
1551,"C37Cl30H45O2","M+Hac-H",-1,775
1552,"C38Cl30H47O2","M+Hac-H",-1,776
1553,"C7Cl4H13","M+Cl",-1,1
1554,"C8Cl4H15","M+Cl",-1,2
1555,"C9Cl4H17","M+Cl",-1,3
1556,"C10Cl4H19","M+Cl",-1,4
1557,"C11Cl4H21","M+Cl",-1,5
1558,"C12Cl4H23","M+Cl",-1,6
1559,"C13Cl4H25","M+Cl",-1,7
1560,"C14Cl4H27","M+Cl",-1,8
1561,"C15Cl4H29","M+Cl",-1,9
1562,"C16Cl4H31","M+Cl",-1,10
1563,"C17Cl4H33","M+Cl",-1,11
1564,"C18Cl4H35","M+Cl",-1,12
1565,"C19Cl4H37","M+Cl",-1,13
1566,"C20Cl4H39","M+Cl",-1,14
1567,"C21Cl4H41","M+Cl",-1,15
1568,"C22Cl4H43","M+Cl",-1,16
1569,"C23Cl4H45","M+Cl",-1,17
1570,"C24Cl4H47","M+Cl",-1,18
1571,"C25Cl4H49","M+Cl",-1,19
1572,"C26Cl4H51","M+Cl",-1,20
1573,"C27Cl4H53","M+Cl",-1,21
1574,"C28Cl4H55","M+Cl",-1,22
1575,"C29Cl4H57","M+Cl",-1,23
1576,"C30Cl4H59","M+Cl",-1,24
1577,"C31Cl4H61","M+Cl",-1,25
1578,"C32Cl4H63","M+Cl",-1,26
1579,"C33Cl4H65","M+Cl",-1,27
1580,"C34Cl4H67","M+Cl",-1,28
1581,"C35Cl4H69","M+Cl",-1,29
1582,"C36Cl4H71","M+Cl",-1,30
1583,"C7Cl5H12","M+Cl",-1,31
1584,"C8Cl5H14","M+Cl",-1,32
1585,"C9Cl5H16","M+Cl",-1,33
1586,"C10Cl5H18","M+Cl",-1,34
1587,"C11Cl5H20","M+Cl",-1,35
1588,"C12Cl5H22","M+Cl",-1,36
1589,"C13Cl5H24","M+Cl",-1,37
1590,"C14Cl5H26","M+Cl",-1,38
1591,"C15Cl5H28","M+Cl",-1,39
1592,"C16Cl5H30","M+Cl",-1,40
1593,"C17Cl5H32","M+Cl",-1,41
1594,"C18Cl5H34","M+Cl",-1,42
1595,"C19Cl5H36","M+Cl",-1,43
1596,"C20Cl5H38","M+Cl",-1,44
1597,"C21Cl5H40","M+Cl",-1,45
1598,"C22Cl5H42","M+Cl",-1,46
1599,"C23Cl5H44","M+Cl",-1,47
1600,"C24Cl5H46","M+Cl",-1,48
1601,"C25Cl5H48","M+Cl",-1,49
1602,"C26Cl5H50","M+Cl",-1,50
1603,"C27Cl5H52","M+Cl",-1,51
1604,"C28Cl5H54","M+Cl",-1,52
1605,"C29Cl5H56","M+Cl",-1,53
1606,"C30Cl5H58","M+Cl",-1,54
1607,"C31Cl5H60","M+Cl",-1,55
1608,"C32Cl5H62","M+Cl",-1,56
1609,"C33Cl5H64","M+Cl",-1,57
1610,"C34Cl5H66","M+Cl",-1,58
1611,"C35Cl5H68","M+Cl",-1,59
1612,"C36Cl5H70","M+Cl",-1,60
1613,"C7Cl6H11","M+Cl",-1,61
1614,"C8Cl6H13","M+Cl",-1,62
1615,"C9Cl6H15","M+Cl",-1,63
1616,"C10Cl6H17","M+Cl",-1,64
1617,"C11Cl6H19","M+Cl",-1,65
1618,"C12Cl6H21","M+Cl",-1,66
1619,"C13Cl6H23","M+Cl",-1,67
1620,"C14Cl6H25","M+Cl",-1,68
1621,"C15Cl6H27","M+Cl",-1,69
1622,"C16Cl6H29","M+Cl",-1,70
1623,"C17Cl6H31","M+Cl",-1,71
1624,"C18Cl6H33","M+Cl",-1,72
1625,"C19Cl6H35","M+Cl",-1,73
1626,"C20Cl6H37","M+Cl",-1,74
1627,"C21Cl6H39","M+Cl",-1,75
1628,"C22Cl6H41","M+Cl",-1,76
1629,"C23Cl6H43","M+Cl",-1,77
1630,"C24Cl6H45","M+Cl",-1,78
1631,"C25Cl6H47","M+Cl",-1,79
1632,"C26Cl6H49","M+Cl",-1,80
1633,"C27Cl6H51","M+Cl",-1,81
1634,"C28Cl6H53","M+Cl",-1,82
1635,"C29Cl6H55","M+Cl",-1,83
1636,"C30Cl6H57","M+Cl",-1,84
1637,"C31Cl6H59","M+Cl",-1,85
1638,"C32Cl6H61","M+Cl",-1,86
1639,"C33Cl6H63","M+Cl",-1,87
1640,"C34Cl6H65","M+Cl",-1,88
1641,"C35Cl6H67","M+Cl",-1,89
1642,"C36Cl6H69","M+Cl",-1,90
1643,"C7Cl7H10","M+Cl",-1,91
1644,"C8Cl7H12","M+Cl",-1,92
1645,"C9Cl7H14","M+Cl",-1,93
1646,"C10Cl7H16","M+Cl",-1,94
1647,"C11Cl7H18","M+Cl",-1,95
1648,"C12Cl7H20","M+Cl",-1,96
1649,"C13Cl7H22","M+Cl",-1,97
1650,"C14Cl7H24","M+Cl",-1,98
1651,"C15Cl7H26","M+Cl",-1,99
1652,"C16Cl7H28","M+Cl",-1,100
1653,"C17Cl7H30","M+Cl",-1,101
1654,"C18Cl7H32","M+Cl",-1,102
1655,"C19Cl7H34","M+Cl",-1,103
1656,"C20Cl7H36","M+Cl",-1,104
1657,"C21Cl7H38","M+Cl",-1,105
1658,"C22Cl7H40","M+Cl",-1,106
1659,"C23Cl7H42","M+Cl",-1,107
1660,"C24Cl7H44","M+Cl",-1,108
1661,"C25Cl7H46","M+Cl",-1,109
1662,"C26Cl7H48","M+Cl",-1,110
1663,"C27Cl7H50","M+Cl",-1,111
1664,"C28Cl7H52","M+Cl",-1,112
1665,"C29Cl7H54","M+Cl",-1,113
1666,"C30Cl7H56","M+Cl",-1,114
1667,"C31Cl7H58","M+Cl",-1,115
1668,"C32Cl7H60","M+Cl",-1,116
1669,"C33Cl7H62","M+Cl",-1,117
1670,"C34Cl7H64","M+Cl",-1,118
1671,"C35Cl7H66","M+Cl",-1,119
1672,"C36Cl7H68","M+Cl",-1,120
1673,"C7Cl8H9","M+Cl",-1,121
1674,"C8Cl8H11","M+Cl",-1,122
1675,"C9Cl8H13","M+Cl",-1,123
1676,"C10Cl8H15","M+Cl",-1,124
1677,"C11Cl8H17","M+Cl",-1,125
1678,"C12Cl8H19","M+Cl",-1,126
1679,"C13Cl8H21","M+Cl",-1,127
1680,"C14Cl8H23","M+Cl",-1,128
1681,"C15Cl8H25","M+Cl",-1,129
1682,"C16Cl8H27","M+Cl",-1,130
1683,"C17Cl8H29","M+Cl",-1,131
1684,"C18Cl8H31","M+Cl",-1,132
1685,"C19Cl8H33","M+Cl",-1,133
1686,"C20Cl8H35","M+Cl",-1,134
1687,"C21Cl8H37","M+Cl",-1,135
1688,"C22Cl8H39","M+Cl",-1,136
1689,"C23Cl8H41","M+Cl",-1,137
1690,"C24Cl8H43","M+Cl",-1,138
1691,"C25Cl8H45","M+Cl",-1,139
1692,"C26Cl8H47","M+Cl",-1,140
1693,"C27Cl8H49","M+Cl",-1,141
1694,"C28Cl8H51","M+Cl",-1,142
1695,"C29Cl8H53","M+Cl",-1,143
1696,"C30Cl8H55","M+Cl",-1,144
1697,"C31Cl8H57","M+Cl",-1,145
1698,"C32Cl8H59","M+Cl",-1,146
1699,"C33Cl8H61","M+Cl",-1,147
1700,"C34Cl8H63","M+Cl",-1,148
1701,"C35Cl8H65","M+Cl",-1,149
1702,"C36Cl8H67","M+Cl",-1,150
1703,"C7Cl9H8","M+Cl",-1,151
1704,"C8Cl9H10","M+Cl",-1,152
1705,"C9Cl9H12","M+Cl",-1,153
1706,"C10Cl9H14","M+Cl",-1,154
1707,"C11Cl9H16","M+Cl",-1,155
1708,"C12Cl9H18","M+Cl",-1,156
1709,"C13Cl9H20","M+Cl",-1,157
1710,"C14Cl9H22","M+Cl",-1,158
1711,"C15Cl9H24","M+Cl",-1,159
1712,"C16Cl9H26","M+Cl",-1,160
1713,"C17Cl9H28","M+Cl",-1,161
1714,"C18Cl9H30","M+Cl",-1,162
1715,"C19Cl9H32","M+Cl",-1,163
1716,"C20Cl9H34","M+Cl",-1,164
1717,"C21Cl9H36","M+Cl",-1,165
1718,"C22Cl9H38","M+Cl",-1,166
1719,"C23Cl9H40","M+Cl",-1,167
1720,"C24Cl9H42","M+Cl",-1,168
1721,"C25Cl9H44","M+Cl",-1,169
1722,"C26Cl9H46","M+Cl",-1,170
1723,"C27Cl9H48","M+Cl",-1,171
1724,"C28Cl9H50","M+Cl",-1,172
1725,"C29Cl9H52","M+Cl",-1,173
1726,"C30Cl9H54","M+Cl",-1,174
1727,"C31Cl9H56","M+Cl",-1,175
1728,"C32Cl9H58","M+Cl",-1,176
1729,"C33Cl9H60","M+Cl",-1,177
1730,"C34Cl9H62","M+Cl",-1,178
1731,"C35Cl9H64","M+Cl",-1,179
1732,"C36Cl9H66","M+Cl",-1,180
1733,"C7Cl10H7","M+Cl",-1,181
1734,"C8Cl10H9","M+Cl",-1,182
1735,"C9Cl10H11","M+Cl",-1,183
1736,"C10Cl10H13","M+Cl",-1,184
1737,"C11Cl10H15","M+Cl",-1,185
1738,"C12Cl10H17","M+Cl",-1,186
1739,"C13Cl10H19","M+Cl",-1,187
1740,"C14Cl10H21","M+Cl",-1,188
1741,"C15Cl10H23","M+Cl",-1,189
1742,"C16Cl10H25","M+Cl",-1,190
1743,"C17Cl10H27","M+Cl",-1,191
1744,"C18Cl10H29","M+Cl",-1,192
1745,"C19Cl10H31","M+Cl",-1,193
1746,"C20Cl10H33","M+Cl",-1,194
1747,"C21Cl10H35","M+Cl",-1,195
1748,"C22Cl10H37","M+Cl",-1,196
1749,"C23Cl10H39","M+Cl",-1,197
1750,"C24Cl10H41","M+Cl",-1,198
1751,"C25Cl10H43","M+Cl",-1,199
1752,"C26Cl10H45","M+Cl",-1,200
1753,"C27Cl10H47","M+Cl",-1,201
1754,"C28Cl10H49","M+Cl",-1,202
1755,"C29Cl10H51","M+Cl",-1,203
1756,"C30Cl10H53","M+Cl",-1,204
1757,"C31Cl10H55","M+Cl",-1,205
1758,"C32Cl10H57","M+Cl",-1,206
1759,"C33Cl10H59","M+Cl",-1,207
1760,"C34Cl10H61","M+Cl",-1,208
1761,"C35Cl10H63","M+Cl",-1,209
1762,"C36Cl10H65","M+Cl",-1,210
1763,"C7Cl11H6","M+Cl",-1,211
1764,"C8Cl11H8","M+Cl",-1,212
1765,"C9Cl11H10","M+Cl",-1,213
1766,"C10Cl11H12","M+Cl",-1,214
1767,"C11Cl11H14","M+Cl",-1,215
1768,"C12Cl11H16","M+Cl",-1,216
1769,"C13Cl11H18","M+Cl",-1,217
1770,"C14Cl11H20","M+Cl",-1,218
1771,"C15Cl11H22","M+Cl",-1,219
1772,"C16Cl11H24","M+Cl",-1,220
1773,"C17Cl11H26","M+Cl",-1,221
1774,"C18Cl11H28","M+Cl",-1,222
1775,"C19Cl11H30","M+Cl",-1,223
1776,"C20Cl11H32","M+Cl",-1,224
1777,"C21Cl11H34","M+Cl",-1,225
1778,"C22Cl11H36","M+Cl",-1,226
1779,"C23Cl11H38","M+Cl",-1,227
1780,"C24Cl11H40","M+Cl",-1,228
1781,"C25Cl11H42","M+Cl",-1,229
1782,"C26Cl11H44","M+Cl",-1,230
1783,"C27Cl11H46","M+Cl",-1,231
1784,"C28Cl11H48","M+Cl",-1,232
1785,"C29Cl11H50","M+Cl",-1,233
1786,"C30Cl11H52","M+Cl",-1,234
1787,"C31Cl11H54","M+Cl",-1,235
1788,"C32Cl11H56","M+Cl",-1,236
1789,"C33Cl11H58","M+Cl",-1,237
1790,"C34Cl11H60","M+Cl",-1,238
1791,"C35Cl11H62","M+Cl",-1,239
1792,"C36Cl11H64","M+Cl",-1,240
1793,"C7Cl12H5","M+Cl",-1,241
1794,"C8Cl12H7","M+Cl",-1,242
1795,"C9Cl12H9","M+Cl",-1,243
1796,"C10Cl12H11","M+Cl",-1,244
1797,"C11Cl12H13","M+Cl",-1,245
1798,"C12Cl12H15","M+Cl",-1,246
1799,"C13Cl12H17","M+Cl",-1,247
1800,"C14Cl12H19","M+Cl",-1,248
1801,"C15Cl12H21","M+Cl",-1,249
1802,"C16Cl12H23","M+Cl",-1,250
1803,"C17Cl12H25","M+Cl",-1,251
1804,"C18Cl12H27","M+Cl",-1,252
1805,"C19Cl12H29","M+Cl",-1,253
1806,"C20Cl12H31","M+Cl",-1,254
1807,"C21Cl12H33","M+Cl",-1,255
1808,"C22Cl12H35","M+Cl",-1,256
1809,"C23Cl12H37","M+Cl",-1,257
1810,"C24Cl12H39","M+Cl",-1,258
1811,"C25Cl12H41","M+Cl",-1,259
1812,"C26Cl12H43","M+Cl",-1,260
1813,"C27Cl12H45","M+Cl",-1,261
1814,"C28Cl12H47","M+Cl",-1,262
1815,"C29Cl12H49","M+Cl",-1,263
1816,"C30Cl12H51","M+Cl",-1,264
1817,"C31Cl12H53","M+Cl",-1,265
1818,"C32Cl12H55","M+Cl",-1,266
1819,"C33Cl12H57","M+Cl",-1,267
1820,"C34Cl12H59","M+Cl",-1,268
1821,"C35Cl12H61","M+Cl",-1,269
1822,"C36Cl12H63","M+Cl",-1,270
1823,"C7Cl13H4","M+Cl",-1,271
1824,"C8Cl13H6","M+Cl",-1,272
1825,"C9Cl13H8","M+Cl",-1,273
1826,"C10Cl13H10","M+Cl",-1,274
1827,"C11Cl13H12","M+Cl",-1,275
1828,"C12Cl13H14","M+Cl",-1,276
1829,"C13Cl13H16","M+Cl",-1,277
1830,"C14Cl13H18","M+Cl",-1,278
1831,"C15Cl13H20","M+Cl",-1,279
1832,"C16Cl13H22","M+Cl",-1,280
1833,"C17Cl13H24","M+Cl",-1,281
1834,"C18Cl13H26","M+Cl",-1,282
1835,"C19Cl13H28","M+Cl",-1,283
1836,"C20Cl13H30","M+Cl",-1,284
1837,"C21Cl13H32","M+Cl",-1,285
1838,"C22Cl13H34","M+Cl",-1,286
1839,"C23Cl13H36","M+Cl",-1,287
1840,"C24Cl13H38","M+Cl",-1,288
1841,"C25Cl13H40","M+Cl",-1,289
1842,"C26Cl13H42","M+Cl",-1,290
1843,"C27Cl13H44","M+Cl",-1,291
1844,"C28Cl13H46","M+Cl",-1,292
1845,"C29Cl13H48","M+Cl",-1,293
1846,"C30Cl13H50","M+Cl",-1,294
1847,"C31Cl13H52","M+Cl",-1,295
1848,"C32Cl13H54","M+Cl",-1,296
1849,"C33Cl13H56","M+Cl",-1,297
1850,"C34Cl13H58","M+Cl",-1,298
1851,"C35Cl13H60","M+Cl",-1,299
1852,"C36Cl13H62","M+Cl",-1,300
1853,"C7Cl14H3","M+Cl",-1,301
1854,"C8Cl14H5","M+Cl",-1,302
1855,"C9Cl14H7","M+Cl",-1,303
1856,"C10Cl14H9","M+Cl",-1,304
1857,"C11Cl14H11","M+Cl",-1,305
1858,"C12Cl14H13","M+Cl",-1,306
1859,"C13Cl14H15","M+Cl",-1,307
1860,"C14Cl14H17","M+Cl",-1,308
1861,"C15Cl14H19","M+Cl",-1,309
1862,"C16Cl14H21","M+Cl",-1,310
1863,"C17Cl14H23","M+Cl",-1,311
1864,"C18Cl14H25","M+Cl",-1,312
1865,"C19Cl14H27","M+Cl",-1,313
1866,"C20Cl14H29","M+Cl",-1,314
1867,"C21Cl14H31","M+Cl",-1,315
1868,"C22Cl14H33","M+Cl",-1,316
1869,"C23Cl14H35","M+Cl",-1,317
1870,"C24Cl14H37","M+Cl",-1,318
1871,"C25Cl14H39","M+Cl",-1,319
1872,"C26Cl14H41","M+Cl",-1,320
1873,"C27Cl14H43","M+Cl",-1,321
1874,"C28Cl14H45","M+Cl",-1,322
1875,"C29Cl14H47","M+Cl",-1,323
1876,"C30Cl14H49","M+Cl",-1,324
1877,"C31Cl14H51","M+Cl",-1,325
1878,"C32Cl14H53","M+Cl",-1,326
1879,"C33Cl14H55","M+Cl",-1,327
1880,"C34Cl14H57","M+Cl",-1,328
1881,"C35Cl14H59","M+Cl",-1,329
1882,"C36Cl14H61","M+Cl",-1,330
1883,"C7Cl15H2","M+Cl",-1,331
1884,"C8Cl15H4","M+Cl",-1,332
1885,"C9Cl15H6","M+Cl",-1,333
1886,"C10Cl15H8","M+Cl",-1,334
1887,"C11Cl15H10","M+Cl",-1,335
1888,"C12Cl15H12","M+Cl",-1,336
1889,"C13Cl15H14","M+Cl",-1,337
1890,"C14Cl15H16","M+Cl",-1,338
1891,"C15Cl15H18","M+Cl",-1,339
1892,"C16Cl15H20","M+Cl",-1,340
1893,"C17Cl15H22","M+Cl",-1,341
1894,"C18Cl15H24","M+Cl",-1,342
1895,"C19Cl15H26","M+Cl",-1,343
1896,"C20Cl15H28","M+Cl",-1,344
1897,"C21Cl15H30","M+Cl",-1,345
1898,"C22Cl15H32","M+Cl",-1,346
1899,"C23Cl15H34","M+Cl",-1,347
1900,"C24Cl15H36","M+Cl",-1,348
1901,"C25Cl15H38","M+Cl",-1,349
1902,"C26Cl15H40","M+Cl",-1,350
1903,"C27Cl15H42","M+Cl",-1,351
1904,"C28Cl15H44","M+Cl",-1,352
1905,"C29Cl15H46","M+Cl",-1,353
1906,"C30Cl15H48","M+Cl",-1,354
1907,"C31Cl15H50","M+Cl",-1,355
1908,"C32Cl15H52","M+Cl",-1,356
1909,"C33Cl15H54","M+Cl",-1,357
1910,"C34Cl15H56","M+Cl",-1,358
1911,"C35Cl15H58","M+Cl",-1,359
1912,"C36Cl15H60","M+Cl",-1,360
1913,"C7Cl16H1","M+Cl",-1,361
1914,"C8Cl16H3","M+Cl",-1,362
1915,"C9Cl16H5","M+Cl",-1,363
1916,"C10Cl16H7","M+Cl",-1,364
1917,"C11Cl16H9","M+Cl",-1,365
1918,"C12Cl16H11","M+Cl",-1,366
1919,"C13Cl16H13","M+Cl",-1,367
1920,"C14Cl16H15","M+Cl",-1,368
1921,"C15Cl16H17","M+Cl",-1,369
1922,"C16Cl16H19","M+Cl",-1,370
1923,"C17Cl16H21","M+Cl",-1,371
1924,"C18Cl16H23","M+Cl",-1,372
1925,"C19Cl16H25","M+Cl",-1,373
1926,"C20Cl16H27","M+Cl",-1,374
1927,"C21Cl16H29","M+Cl",-1,375
1928,"C22Cl16H31","M+Cl",-1,376
1929,"C23Cl16H33","M+Cl",-1,377
1930,"C24Cl16H35","M+Cl",-1,378
1931,"C25Cl16H37","M+Cl",-1,379
1932,"C26Cl16H39","M+Cl",-1,380
1933,"C27Cl16H41","M+Cl",-1,381
1934,"C28Cl16H43","M+Cl",-1,382
1935,"C29Cl16H45","M+Cl",-1,383
1936,"C30Cl16H47","M+Cl",-1,384
1937,"C31Cl16H49","M+Cl",-1,385
1938,"C32Cl16H51","M+Cl",-1,386
1939,"C33Cl16H53","M+Cl",-1,387
1940,"C34Cl16H55","M+Cl",-1,388
1941,"C35Cl16H57","M+Cl",-1,389
1942,"C36Cl16H59","M+Cl",-1,390
1943,"C8Cl17H2","M+Cl",-1,391
1944,"C9Cl17H4","M+Cl",-1,392
1945,"C10Cl17H6","M+Cl",-1,393
1946,"C11Cl17H8","M+Cl",-1,394
1947,"C12Cl17H10","M+Cl",-1,395
1948,"C13Cl17H12","M+Cl",-1,396
1949,"C14Cl17H14","M+Cl",-1,397
1950,"C15Cl17H16","M+Cl",-1,398
1951,"C16Cl17H18","M+Cl",-1,399
1952,"C17Cl17H20","M+Cl",-1,400
1953,"C18Cl17H22","M+Cl",-1,401
1954,"C19Cl17H24","M+Cl",-1,402
1955,"C20Cl17H26","M+Cl",-1,403
1956,"C21Cl17H28","M+Cl",-1,404
1957,"C22Cl17H30","M+Cl",-1,405
1958,"C23Cl17H32","M+Cl",-1,406
1959,"C24Cl17H34","M+Cl",-1,407
1960,"C25Cl17H36","M+Cl",-1,408
1961,"C26Cl17H38","M+Cl",-1,409
1962,"C27Cl17H40","M+Cl",-1,410
1963,"C28Cl17H42","M+Cl",-1,411
1964,"C29Cl17H44","M+Cl",-1,412
1965,"C30Cl17H46","M+Cl",-1,413
1966,"C31Cl17H48","M+Cl",-1,414
1967,"C32Cl17H50","M+Cl",-1,415
1968,"C33Cl17H52","M+Cl",-1,416
1969,"C34Cl17H54","M+Cl",-1,417
1970,"C35Cl17H56","M+Cl",-1,418
1971,"C36Cl17H58","M+Cl",-1,419
1972,"C8Cl18H1","M+Cl",-1,420
1973,"C9Cl18H3","M+Cl",-1,421
1974,"C10Cl18H5","M+Cl",-1,422
1975,"C11Cl18H7","M+Cl",-1,423
1976,"C12Cl18H9","M+Cl",-1,424
1977,"C13Cl18H11","M+Cl",-1,425
1978,"C14Cl18H13","M+Cl",-1,426
1979,"C15Cl18H15","M+Cl",-1,427
1980,"C16Cl18H17","M+Cl",-1,428
1981,"C17Cl18H19","M+Cl",-1,429
1982,"C18Cl18H21","M+Cl",-1,430
1983,"C19Cl18H23","M+Cl",-1,431
1984,"C20Cl18H25","M+Cl",-1,432
1985,"C21Cl18H27","M+Cl",-1,433
1986,"C22Cl18H29","M+Cl",-1,434
1987,"C23Cl18H31","M+Cl",-1,435
1988,"C24Cl18H33","M+Cl",-1,436
1989,"C25Cl18H35","M+Cl",-1,437
1990,"C26Cl18H37","M+Cl",-1,438
1991,"C27Cl18H39","M+Cl",-1,439
1992,"C28Cl18H41","M+Cl",-1,440
1993,"C29Cl18H43","M+Cl",-1,441
1994,"C30Cl18H45","M+Cl",-1,442
1995,"C31Cl18H47","M+Cl",-1,443
1996,"C32Cl18H49","M+Cl",-1,444
1997,"C33Cl18H51","M+Cl",-1,445
1998,"C34Cl18H53","M+Cl",-1,446
1999,"C35Cl18H55","M+Cl",-1,447
2000,"C36Cl18H57","M+Cl",-1,448
2001,"C9Cl19H2","M+Cl",-1,449
2002,"C10Cl19H4","M+Cl",-1,450
2003,"C11Cl19H6","M+Cl",-1,451
2004,"C12Cl19H8","M+Cl",-1,452
2005,"C13Cl19H10","M+Cl",-1,453
2006,"C14Cl19H12","M+Cl",-1,454
2007,"C15Cl19H14","M+Cl",-1,455
2008,"C16Cl19H16","M+Cl",-1,456
2009,"C17Cl19H18","M+Cl",-1,457
2010,"C18Cl19H20","M+Cl",-1,458
2011,"C19Cl19H22","M+Cl",-1,459
2012,"C20Cl19H24","M+Cl",-1,460
2013,"C21Cl19H26","M+Cl",-1,461
2014,"C22Cl19H28","M+Cl",-1,462
2015,"C23Cl19H30","M+Cl",-1,463
2016,"C24Cl19H32","M+Cl",-1,464
2017,"C25Cl19H34","M+Cl",-1,465
2018,"C26Cl19H36","M+Cl",-1,466
2019,"C27Cl19H38","M+Cl",-1,467
2020,"C28Cl19H40","M+Cl",-1,468
2021,"C29Cl19H42","M+Cl",-1,469
2022,"C30Cl19H44","M+Cl",-1,470
2023,"C31Cl19H46","M+Cl",-1,471
2024,"C32Cl19H48","M+Cl",-1,472
2025,"C33Cl19H50","M+Cl",-1,473
2026,"C34Cl19H52","M+Cl",-1,474
2027,"C35Cl19H54","M+Cl",-1,475
2028,"C36Cl19H56","M+Cl",-1,476
2029,"C9Cl20H1","M+Cl",-1,477
2030,"C10Cl20H3","M+Cl",-1,478
2031,"C11Cl20H5","M+Cl",-1,479
2032,"C12Cl20H7","M+Cl",-1,480
2033,"C13Cl20H9","M+Cl",-1,481
2034,"C14Cl20H11","M+Cl",-1,482
2035,"C15Cl20H13","M+Cl",-1,483
2036,"C16Cl20H15","M+Cl",-1,484
2037,"C17Cl20H17","M+Cl",-1,485
2038,"C18Cl20H19","M+Cl",-1,486
2039,"C19Cl20H21","M+Cl",-1,487
2040,"C20Cl20H23","M+Cl",-1,488
2041,"C21Cl20H25","M+Cl",-1,489
2042,"C22Cl20H27","M+Cl",-1,490
2043,"C23Cl20H29","M+Cl",-1,491
2044,"C24Cl20H31","M+Cl",-1,492
2045,"C25Cl20H33","M+Cl",-1,493
2046,"C26Cl20H35","M+Cl",-1,494
2047,"C27Cl20H37","M+Cl",-1,495
2048,"C28Cl20H39","M+Cl",-1,496
2049,"C29Cl20H41","M+Cl",-1,497
2050,"C30Cl20H43","M+Cl",-1,498
2051,"C31Cl20H45","M+Cl",-1,499
2052,"C32Cl20H47","M+Cl",-1,500
2053,"C33Cl20H49","M+Cl",-1,501
2054,"C34Cl20H51","M+Cl",-1,502
2055,"C35Cl20H53","M+Cl",-1,503
2056,"C36Cl20H55","M+Cl",-1,504
2057,"C10Cl21H2","M+Cl",-1,505
2058,"C11Cl21H4","M+Cl",-1,506
2059,"C12Cl21H6","M+Cl",-1,507
2060,"C13Cl21H8","M+Cl",-1,508
2061,"C14Cl21H10","M+Cl",-1,509
2062,"C15Cl21H12","M+Cl",-1,510
2063,"C16Cl21H14","M+Cl",-1,511
2064,"C17Cl21H16","M+Cl",-1,512
2065,"C18Cl21H18","M+Cl",-1,513
2066,"C19Cl21H20","M+Cl",-1,514
2067,"C20Cl21H22","M+Cl",-1,515
2068,"C21Cl21H24","M+Cl",-1,516
2069,"C22Cl21H26","M+Cl",-1,517
2070,"C23Cl21H28","M+Cl",-1,518
2071,"C24Cl21H30","M+Cl",-1,519
2072,"C25Cl21H32","M+Cl",-1,520
2073,"C26Cl21H34","M+Cl",-1,521
2074,"C27Cl21H36","M+Cl",-1,522
2075,"C28Cl21H38","M+Cl",-1,523
2076,"C29Cl21H40","M+Cl",-1,524
2077,"C30Cl21H42","M+Cl",-1,525
2078,"C31Cl21H44","M+Cl",-1,526
2079,"C32Cl21H46","M+Cl",-1,527
2080,"C33Cl21H48","M+Cl",-1,528
2081,"C34Cl21H50","M+Cl",-1,529
2082,"C35Cl21H52","M+Cl",-1,530
2083,"C36Cl21H54","M+Cl",-1,531
2084,"C10Cl22H1","M+Cl",-1,532
2085,"C11Cl22H3","M+Cl",-1,533
2086,"C12Cl22H5","M+Cl",-1,534
2087,"C13Cl22H7","M+Cl",-1,535
2088,"C14Cl22H9","M+Cl",-1,536
2089,"C15Cl22H11","M+Cl",-1,537
2090,"C16Cl22H13","M+Cl",-1,538
2091,"C17Cl22H15","M+Cl",-1,539
2092,"C18Cl22H17","M+Cl",-1,540
2093,"C19Cl22H19","M+Cl",-1,541
2094,"C20Cl22H21","M+Cl",-1,542
2095,"C21Cl22H23","M+Cl",-1,543
2096,"C22Cl22H25","M+Cl",-1,544
2097,"C23Cl22H27","M+Cl",-1,545
2098,"C24Cl22H29","M+Cl",-1,546
2099,"C25Cl22H31","M+Cl",-1,547
2100,"C26Cl22H33","M+Cl",-1,548
2101,"C27Cl22H35","M+Cl",-1,549
2102,"C28Cl22H37","M+Cl",-1,550
2103,"C29Cl22H39","M+Cl",-1,551
2104,"C30Cl22H41","M+Cl",-1,552
2105,"C31Cl22H43","M+Cl",-1,553
2106,"C32Cl22H45","M+Cl",-1,554
2107,"C33Cl22H47","M+Cl",-1,555
2108,"C34Cl22H49","M+Cl",-1,556
2109,"C35Cl22H51","M+Cl",-1,557
2110,"C36Cl22H53","M+Cl",-1,558
2111,"C11Cl23H2","M+Cl",-1,559
2112,"C12Cl23H4","M+Cl",-1,560
2113,"C13Cl23H6","M+Cl",-1,561
2114,"C14Cl23H8","M+Cl",-1,562
2115,"C15Cl23H10","M+Cl",-1,563
2116,"C16Cl23H12","M+Cl",-1,564
2117,"C17Cl23H14","M+Cl",-1,565
2118,"C18Cl23H16","M+Cl",-1,566
2119,"C19Cl23H18","M+Cl",-1,567
2120,"C20Cl23H20","M+Cl",-1,568
2121,"C21Cl23H22","M+Cl",-1,569
2122,"C22Cl23H24","M+Cl",-1,570
2123,"C23Cl23H26","M+Cl",-1,571
2124,"C24Cl23H28","M+Cl",-1,572
2125,"C25Cl23H30","M+Cl",-1,573
2126,"C26Cl23H32","M+Cl",-1,574
2127,"C27Cl23H34","M+Cl",-1,575
2128,"C28Cl23H36","M+Cl",-1,576
2129,"C29Cl23H38","M+Cl",-1,577
2130,"C30Cl23H40","M+Cl",-1,578
2131,"C31Cl23H42","M+Cl",-1,579
2132,"C32Cl23H44","M+Cl",-1,580
2133,"C33Cl23H46","M+Cl",-1,581
2134,"C34Cl23H48","M+Cl",-1,582
2135,"C35Cl23H50","M+Cl",-1,583
2136,"C36Cl23H52","M+Cl",-1,584
2137,"C11Cl24H1","M+Cl",-1,585
2138,"C12Cl24H3","M+Cl",-1,586
2139,"C13Cl24H5","M+Cl",-1,587
2140,"C14Cl24H7","M+Cl",-1,588
2141,"C15Cl24H9","M+Cl",-1,589
2142,"C16Cl24H11","M+Cl",-1,590
2143,"C17Cl24H13","M+Cl",-1,591
2144,"C18Cl24H15","M+Cl",-1,592
2145,"C19Cl24H17","M+Cl",-1,593
2146,"C20Cl24H19","M+Cl",-1,594
2147,"C21Cl24H21","M+Cl",-1,595
2148,"C22Cl24H23","M+Cl",-1,596
2149,"C23Cl24H25","M+Cl",-1,597
2150,"C24Cl24H27","M+Cl",-1,598
2151,"C25Cl24H29","M+Cl",-1,599
2152,"C26Cl24H31","M+Cl",-1,600
2153,"C27Cl24H33","M+Cl",-1,601
2154,"C28Cl24H35","M+Cl",-1,602
2155,"C29Cl24H37","M+Cl",-1,603
2156,"C30Cl24H39","M+Cl",-1,604
2157,"C31Cl24H41","M+Cl",-1,605
2158,"C32Cl24H43","M+Cl",-1,606
2159,"C33Cl24H45","M+Cl",-1,607
2160,"C34Cl24H47","M+Cl",-1,608
2161,"C35Cl24H49","M+Cl",-1,609
2162,"C36Cl24H51","M+Cl",-1,610
2163,"C12Cl25H2","M+Cl",-1,611
2164,"C13Cl25H4","M+Cl",-1,612
2165,"C14Cl25H6","M+Cl",-1,613
2166,"C15Cl25H8","M+Cl",-1,614
2167,"C16Cl25H10","M+Cl",-1,615
2168,"C17Cl25H12","M+Cl",-1,616
2169,"C18Cl25H14","M+Cl",-1,617
2170,"C19Cl25H16","M+Cl",-1,618
2171,"C20Cl25H18","M+Cl",-1,619
2172,"C21Cl25H20","M+Cl",-1,620
2173,"C22Cl25H22","M+Cl",-1,621
2174,"C23Cl25H24","M+Cl",-1,622
2175,"C24Cl25H26","M+Cl",-1,623
2176,"C25Cl25H28","M+Cl",-1,624
2177,"C26Cl25H30","M+Cl",-1,625
2178,"C27Cl25H32","M+Cl",-1,626
2179,"C28Cl25H34","M+Cl",-1,627
2180,"C29Cl25H36","M+Cl",-1,628
2181,"C30Cl25H38","M+Cl",-1,629
2182,"C31Cl25H40","M+Cl",-1,630
2183,"C32Cl25H42","M+Cl",-1,631
2184,"C33Cl25H44","M+Cl",-1,632
2185,"C34Cl25H46","M+Cl",-1,633
2186,"C35Cl25H48","M+Cl",-1,634
2187,"C36Cl25H50","M+Cl",-1,635
2188,"C12Cl26H1","M+Cl",-1,636
2189,"C13Cl26H3","M+Cl",-1,637
2190,"C14Cl26H5","M+Cl",-1,638
2191,"C15Cl26H7","M+Cl",-1,639
2192,"C16Cl26H9","M+Cl",-1,640
2193,"C17Cl26H11","M+Cl",-1,641
2194,"C18Cl26H13","M+Cl",-1,642
2195,"C19Cl26H15","M+Cl",-1,643
2196,"C20Cl26H17","M+Cl",-1,644
2197,"C21Cl26H19","M+Cl",-1,645
2198,"C22Cl26H21","M+Cl",-1,646
2199,"C23Cl26H23","M+Cl",-1,647
2200,"C24Cl26H25","M+Cl",-1,648
2201,"C25Cl26H27","M+Cl",-1,649
2202,"C26Cl26H29","M+Cl",-1,650
2203,"C27Cl26H31","M+Cl",-1,651
2204,"C28Cl26H33","M+Cl",-1,652
2205,"C29Cl26H35","M+Cl",-1,653
2206,"C30Cl26H37","M+Cl",-1,654
2207,"C31Cl26H39","M+Cl",-1,655
2208,"C32Cl26H41","M+Cl",-1,656
2209,"C33Cl26H43","M+Cl",-1,657
2210,"C34Cl26H45","M+Cl",-1,658
2211,"C35Cl26H47","M+Cl",-1,659
2212,"C36Cl26H49","M+Cl",-1,660
2213,"C13Cl27H2","M+Cl",-1,661
2214,"C14Cl27H4","M+Cl",-1,662
2215,"C15Cl27H6","M+Cl",-1,663
2216,"C16Cl27H8","M+Cl",-1,664
2217,"C17Cl27H10","M+Cl",-1,665
2218,"C18Cl27H12","M+Cl",-1,666
2219,"C19Cl27H14","M+Cl",-1,667
2220,"C20Cl27H16","M+Cl",-1,668
2221,"C21Cl27H18","M+Cl",-1,669
2222,"C22Cl27H20","M+Cl",-1,670
2223,"C23Cl27H22","M+Cl",-1,671
2224,"C24Cl27H24","M+Cl",-1,672
2225,"C25Cl27H26","M+Cl",-1,673
2226,"C26Cl27H28","M+Cl",-1,674
2227,"C27Cl27H30","M+Cl",-1,675
2228,"C28Cl27H32","M+Cl",-1,676
2229,"C29Cl27H34","M+Cl",-1,677
2230,"C30Cl27H36","M+Cl",-1,678
2231,"C31Cl27H38","M+Cl",-1,679
2232,"C32Cl27H40","M+Cl",-1,680
2233,"C33Cl27H42","M+Cl",-1,681
2234,"C34Cl27H44","M+Cl",-1,682
2235,"C35Cl27H46","M+Cl",-1,683
2236,"C36Cl27H48","M+Cl",-1,684
2237,"C13Cl28H1","M+Cl",-1,685
2238,"C14Cl28H3","M+Cl",-1,686
2239,"C15Cl28H5","M+Cl",-1,687
2240,"C16Cl28H7","M+Cl",-1,688
2241,"C17Cl28H9","M+Cl",-1,689
2242,"C18Cl28H11","M+Cl",-1,690
2243,"C19Cl28H13","M+Cl",-1,691
2244,"C20Cl28H15","M+Cl",-1,692
2245,"C21Cl28H17","M+Cl",-1,693
2246,"C22Cl28H19","M+Cl",-1,694
2247,"C23Cl28H21","M+Cl",-1,695
2248,"C24Cl28H23","M+Cl",-1,696
2249,"C25Cl28H25","M+Cl",-1,697
2250,"C26Cl28H27","M+Cl",-1,698
2251,"C27Cl28H29","M+Cl",-1,699
2252,"C28Cl28H31","M+Cl",-1,700
2253,"C29Cl28H33","M+Cl",-1,701
2254,"C30Cl28H35","M+Cl",-1,702
2255,"C31Cl28H37","M+Cl",-1,703
2256,"C32Cl28H39","M+Cl",-1,704
2257,"C33Cl28H41","M+Cl",-1,705
2258,"C34Cl28H43","M+Cl",-1,706
2259,"C35Cl28H45","M+Cl",-1,707
2260,"C36Cl28H47","M+Cl",-1,708
2261,"C14Cl29H2","M+Cl",-1,709
2262,"C15Cl29H4","M+Cl",-1,710
2263,"C16Cl29H6","M+Cl",-1,711
2264,"C17Cl29H8","M+Cl",-1,712
2265,"C18Cl29H10","M+Cl",-1,713
2266,"C19Cl29H12","M+Cl",-1,714
2267,"C20Cl29H14","M+Cl",-1,715
2268,"C21Cl29H16","M+Cl",-1,716
2269,"C22Cl29H18","M+Cl",-1,717
2270,"C23Cl29H20","M+Cl",-1,718
2271,"C24Cl29H22","M+Cl",-1,719
2272,"C25Cl29H24","M+Cl",-1,720
2273,"C26Cl29H26","M+Cl",-1,721
2274,"C27Cl29H28","M+Cl",-1,722
2275,"C28Cl29H30","M+Cl",-1,723
2276,"C29Cl29H32","M+Cl",-1,724
2277,"C30Cl29H34","M+Cl",-1,725
2278,"C31Cl29H36","M+Cl",-1,726
2279,"C32Cl29H38","M+Cl",-1,727
2280,"C33Cl29H40","M+Cl",-1,728
2281,"C34Cl29H42","M+Cl",-1,729
2282,"C35Cl29H44","M+Cl",-1,730
2283,"C36Cl29H46","M+Cl",-1,731
2284,"C14Cl30H1","M+Cl",-1,732
2285,"C15Cl30H3","M+Cl",-1,733
2286,"C16Cl30H5","M+Cl",-1,734
2287,"C17Cl30H7","M+Cl",-1,735
2288,"C18Cl30H9","M+Cl",-1,736
2289,"C19Cl30H11","M+Cl",-1,737
2290,"C20Cl30H13","M+Cl",-1,738
2291,"C21Cl30H15","M+Cl",-1,739
2292,"C22Cl30H17","M+Cl",-1,740
2293,"C23Cl30H19","M+Cl",-1,741
2294,"C24Cl30H21","M+Cl",-1,742
2295,"C25Cl30H23","M+Cl",-1,743
2296,"C26Cl30H25","M+Cl",-1,744
2297,"C27Cl30H27","M+Cl",-1,745
2298,"C28Cl30H29","M+Cl",-1,746
2299,"C29Cl30H31","M+Cl",-1,747
2300,"C30Cl30H33","M+Cl",-1,748
2301,"C31Cl30H35","M+Cl",-1,749
2302,"C32Cl30H37","M+Cl",-1,750
2303,"C33Cl30H39","M+Cl",-1,751
2304,"C34Cl30H41","M+Cl",-1,752
2305,"C35Cl30H43","M+Cl",-1,753
2306,"C36Cl30H45","M+Cl",-1,754
2307,"C15Cl31H2","M+Cl",-1,755
2308,"C16Cl31H4","M+Cl",-1,756
2309,"C17Cl31H6","M+Cl",-1,757
2310,"C18Cl31H8","M+Cl",-1,758
2311,"C19Cl31H10","M+Cl",-1,759
2312,"C20Cl31H12","M+Cl",-1,760
2313,"C21Cl31H14","M+Cl",-1,761
2314,"C22Cl31H16","M+Cl",-1,762
2315,"C23Cl31H18","M+Cl",-1,763
2316,"C24Cl31H20","M+Cl",-1,764
2317,"C25Cl31H22","M+Cl",-1,765
2318,"C26Cl31H24","M+Cl",-1,766
2319,"C27Cl31H26","M+Cl",-1,767
2320,"C28Cl31H28","M+Cl",-1,768
2321,"C29Cl31H30","M+Cl",-1,769
2322,"C30Cl31H32","M+Cl",-1,770
2323,"C31Cl31H34","M+Cl",-1,771
2324,"C32Cl31H36","M+Cl",-1,772
2325,"C33Cl31H38","M+Cl",-1,773
2326,"C34Cl31H40","M+Cl",-1,774
2327,"C35Cl31H42","M+Cl",-1,775
2328,"C36Cl31H44","M+Cl",-1,776
